Date,Daily Avg Q (cms)
01-Jan-2001,5.169
02-Jan-2001,5.155
03-Jan-2001,5.145
04-Jan-2001,5.135
05-Jan-2001,5.125
06-Jan-2001,5.115
07-Jan-2001,5.105
08-Jan-2001,5.095
09-Jan-2001,5.085
10-Jan-2001,5.075
11-Jan-2001,5.065
12-Jan-2001,5.06
13-Jan-2001,5.06
14-Jan-2001,5.06
15-Jan-2001,5.06
16-Jan-2001,5.075
17-Jan-2001,5.11
18-Jan-2001,5.154
19-Jan-2001,5.194
20-Jan-2001,5.195
21-Jan-2001,5.158
22-Jan-2001,5.096
23-Jan-2001,5.041
24-Jan-2001,5
25-Jan-2001,4.975
26-Jan-2001,4.955
27-Jan-2001,4.935
28-Jan-2001,4.922
29-Jan-2001,4.91
30-Jan-2001,4.9
31-Jan-2001,4.89
01-Feb-2001,4.88
02-Feb-2001,4.87
03-Feb-2001,4.86
04-Feb-2001,4.85
05-Feb-2001,4.84
06-Feb-2001,4.83
07-Feb-2001,4.824
08-Feb-2001,4.815
09-Feb-2001,4.81
10-Feb-2001,4.808
11-Feb-2001,4.8
12-Feb-2001,4.8
13-Feb-2001,4.805
14-Feb-2001,4.86
15-Feb-2001,4.995
16-Feb-2001,5.217
17-Feb-2001,5.493
18-Feb-2001,5.733
19-Feb-2001,5.772
20-Feb-2001,5.502
21-Feb-2001,5.169
22-Feb-2001,5.03
23-Feb-2001,5.015
24-Feb-2001,4.984
25-Feb-2001,4.918
26-Feb-2001,4.856
27-Feb-2001,4.815
28-Feb-2001,4.8
01-Mar-2001,4.8
02-Mar-2001,4.8
03-Mar-2001,4.785
04-Mar-2001,4.771
05-Mar-2001,4.829
06-Mar-2001,4.953
07-Mar-2001,5.076
08-Mar-2001,5.242
09-Mar-2001,5.483
10-Mar-2001,5.787
11-Mar-2001,6.075
12-Mar-2001,6.243
13-Mar-2001,6.19
14-Mar-2001,5.894
15-Mar-2001,5.524
16-Mar-2001,5.239
17-Mar-2001,5.084
18-Mar-2001,5.118
19-Mar-2001,5.297
20-Mar-2001,5.479
21-Mar-2001,5.716
22-Mar-2001,6.17
23-Mar-2001,6.84
24-Mar-2001,7.704
25-Mar-2001,8.718
26-Mar-2001,9.869
27-Mar-2001,11.114
28-Mar-2001,12.373
29-Mar-2001,13.587
30-Mar-2001,14.685
31-Mar-2001,15.738
01-Apr-2001,16.574
02-Apr-2001,16.832
03-Apr-2001,17.144
04-Apr-2001,18.098
05-Apr-2001,20.313
06-Apr-2001,22.793
07-Apr-2001,24.485
08-Apr-2001,25.513
09-Apr-2001,26.761
10-Apr-2001,28.438
11-Apr-2001,30.378
12-Apr-2001,32.638
13-Apr-2001,35.381
14-Apr-2001,38.477
15-Apr-2001,41.838
16-Apr-2001,45.77
17-Apr-2001,50.404
18-Apr-2001,55.93
19-Apr-2001,61.967
20-Apr-2001,68.156
21-Apr-2001,74.064
22-Apr-2001,79.704
23-Apr-2001,85.309
24-Apr-2001,91.01
25-Apr-2001,96.786
26-Apr-2001,102.364
27-Apr-2001,107.357
28-Apr-2001,111.56
29-Apr-2001,115.058
30-Apr-2001,118.117
01-May-2001,121.015
02-May-2001,123.928
03-May-2001,126.944
04-May-2001,129.973
05-May-2001,132.915
06-May-2001,135.776
07-May-2001,138.61
08-May-2001,141.678
09-May-2001,145.25
10-May-2001,149.493
11-May-2001,154.501
12-May-2001,160.223
13-May-2001,166.509
14-May-2001,173.16
15-May-2001,180.693
16-May-2001,188.331
17-May-2001,195.9
18-May-2001,203.437
19-May-2001,211.585
20-May-2001,219.308
21-May-2001,225.963
22-May-2001,231.729
23-May-2001,236.234
24-May-2001,239.075
25-May-2001,239.863
26-May-2001,238.124
27-May-2001,233.419
28-May-2001,225.549
29-May-2001,214.923
30-May-2001,201.624
31-May-2001,185.098
01-Jun-2001,165.682
02-Jun-2001,144.648
03-Jun-2001,124.891
04-Jun-2001,110.218
05-Jun-2001,102.125
06-Jun-2001,99.033
07-Jun-2001,98.285
08-Jun-2001,97.671
09-Jun-2001,95.967
10-Jun-2001,92.436
11-Jun-2001,86.141
12-Jun-2001,76.198
13-Jun-2001,62.825
14-Jun-2001,47.556
15-Jun-2001,33.895
16-Jun-2001,26.018
17-Jun-2001,23.299
18-Jun-2001,22.768
19-Jun-2001,22.884
20-Jun-2001,23.235
21-Jun-2001,23.71
22-Jun-2001,24.196
23-Jun-2001,24.651
24-Jun-2001,24.9
25-Jun-2001,24.846
26-Jun-2001,24.587
27-Jun-2001,24.48
28-Jun-2001,24.438
29-Jun-2001,23.937
30-Jun-2001,23.085
01-Jul-2001,22.884
02-Jul-2001,23.696
03-Jul-2001,24.809
04-Jul-2001,25.022
05-Jul-2001,24.035
06-Jul-2001,23.213
07-Jul-2001,23.554
08-Jul-2001,24.783
09-Jul-2001,26.462
10-Jul-2001,28.592
11-Jul-2001,31.181
12-Jul-2001,33.78
13-Jul-2001,36.148
14-Jul-2001,39.036
15-Jul-2001,43.652
16-Jul-2001,50.021
17-Jul-2001,56.14
18-Jul-2001,60.649
19-Jul-2001,63.637
20-Jul-2001,65.6
21-Jul-2001,67.042
22-Jul-2001,68.332
23-Jul-2001,69.484
24-Jul-2001,70.359
25-Jul-2001,71.019
26-Jul-2001,71.791
27-Jul-2001,72.919
28-Jul-2001,74.335
29-Jul-2001,75.678
30-Jul-2001,76.419
31-Jul-2001,75.909
01-Aug-2001,73.158
02-Aug-2001,66.113
03-Aug-2001,51.518
04-Aug-2001,31.627
05-Aug-2001,19.841
06-Aug-2001,16.824
07-Aug-2001,16.028
08-Aug-2001,15.916
09-Aug-2001,16.165
10-Aug-2001,16.862
11-Aug-2001,17.661
12-Aug-2001,17.706
13-Aug-2001,16.398
14-Aug-2001,14.557
15-Aug-2001,13.911
16-Aug-2001,14.529
17-Aug-2001,15.458
18-Aug-2001,15.91
19-Aug-2001,15.867
20-Aug-2001,15.673
21-Aug-2001,15.281
22-Aug-2001,14.441
23-Aug-2001,13.325
24-Aug-2001,12.628
25-Aug-2001,13.105
26-Aug-2001,13.732
27-Aug-2001,14.765
28-Aug-2001,16.999
29-Aug-2001,19.117
30-Aug-2001,20.861
31-Aug-2001,22.31
01-Sep-2001,23.021
02-Sep-2001,23.201
03-Sep-2001,23.012
04-Sep-2001,22.352
05-Sep-2001,21.541
06-Sep-2001,20.87
07-Sep-2001,20.468
08-Sep-2001,20.738
09-Sep-2001,21.896
10-Sep-2001,23.223
11-Sep-2001,24.761
12-Sep-2001,27.738
13-Sep-2001,30.767
14-Sep-2001,33.241
15-Sep-2001,35.93
16-Sep-2001,39.322
17-Sep-2001,43.095
18-Sep-2001,46.654
19-Sep-2001,49.264
20-Sep-2001,49.992
21-Sep-2001,49.036
22-Sep-2001,48.292
23-Sep-2001,49.057
24-Sep-2001,51.424
25-Sep-2001,55.373
26-Sep-2001,60.315
27-Sep-2001,65.889
28-Sep-2001,70.462
29-Sep-2001,74.592
30-Sep-2001,78.601
01-Oct-2001,82.455
02-Oct-2001,86.225
03-Oct-2001,90.058
04-Oct-2001,93.615
05-Oct-2001,96.553
06-Oct-2001,98.755
07-Oct-2001,100.576
08-Oct-2001,102.518
09-Oct-2001,104.879
10-Oct-2001,107.609
11-Oct-2001,110.543
12-Oct-2001,113.662
13-Oct-2001,116.987
14-Oct-2001,120.545
15-Oct-2001,124.315
16-Oct-2001,128.21
17-Oct-2001,132.147
18-Oct-2001,136.162
19-Oct-2001,140.248
20-Oct-2001,144.465
21-Oct-2001,148.819
22-Oct-2001,153.184
23-Oct-2001,157.31
24-Oct-2001,160.855
25-Oct-2001,163.376
26-Oct-2001,164.309
27-Oct-2001,162.947
28-Oct-2001,158.494
29-Oct-2001,150.142
30-Oct-2001,137.181
31-Oct-2001,119.284
01-Nov-2001,97.379
02-Nov-2001,75.286
03-Nov-2001,58.901
04-Nov-2001,50.575
05-Nov-2001,47.822
06-Nov-2001,47.745
07-Nov-2001,48.846
08-Nov-2001,50.467
09-Nov-2001,52.235
10-Nov-2001,53.715
11-Nov-2001,53.943
12-Nov-2001,50.474
13-Nov-2001,39.143
14-Nov-2001,22.787
15-Nov-2001,15.263
16-Nov-2001,14.141
17-Nov-2001,13.958
18-Nov-2001,13.919
19-Nov-2001,14.092
20-Nov-2001,14.49
21-Nov-2001,14.955
22-Nov-2001,15.232
23-Nov-2001,15.186
24-Nov-2001,14.967
25-Nov-2001,14.823
26-Nov-2001,14.871
27-Nov-2001,15.005
28-Nov-2001,15.121
29-Nov-2001,15.146
30-Nov-2001,14.98
01-Dec-2001,14.538
02-Dec-2001,13.904
03-Dec-2001,13.374
04-Dec-2001,13.346
05-Dec-2001,13.846
06-Dec-2001,14.478
07-Dec-2001,14.836
08-Dec-2001,14.873
09-Dec-2001,14.753
10-Dec-2001,14.655
11-Dec-2001,14.794
12-Dec-2001,15.345
13-Dec-2001,16.304
14-Dec-2001,17.54
15-Dec-2001,18.891
16-Dec-2001,20.191
17-Dec-2001,21.279
18-Dec-2001,22.012
19-Dec-2001,22.351
20-Dec-2001,22.441
21-Dec-2001,22.562
22-Dec-2001,22.942
23-Dec-2001,23.631
24-Dec-2001,24.535
25-Dec-2001,25.371
26-Dec-2001,25.395
27-Dec-2001,23.055
28-Dec-2001,17.588
29-Dec-2001,12.926
30-Dec-2001,11.6
31-Dec-2001,11.602
01-Jan-2002,11.821
02-Jan-2002,12.001
03-Jan-2002,12.142
04-Jan-2002,12.335
05-Jan-2002,12.65
06-Jan-2002,13.031
07-Jan-2002,13.249
08-Jan-2002,12.96
09-Jan-2002,12.09
10-Jan-2002,11.124
11-Jan-2002,10.549
12-Jan-2002,10.354
13-Jan-2002,10.371
14-Jan-2002,10.541
15-Jan-2002,10.84
16-Jan-2002,11.133
17-Jan-2002,11.375
18-Jan-2002,11.626
19-Jan-2002,11.93
20-Jan-2002,12.284
21-Jan-2002,12.683
22-Jan-2002,13.125
23-Jan-2002,13.61
24-Jan-2002,14.109
25-Jan-2002,14.61
26-Jan-2002,15.085
27-Jan-2002,15.477
28-Jan-2002,15.551
29-Jan-2002,14.843
30-Jan-2002,13.129
31-Jan-2002,11.33
01-Feb-2002,10.354
02-Feb-2002,9.986
03-Feb-2002,9.847
04-Feb-2002,9.774
05-Feb-2002,9.72
06-Feb-2002,9.672
07-Feb-2002,9.638
08-Feb-2002,9.62
09-Feb-2002,9.636
10-Feb-2002,9.696
11-Feb-2002,9.783
12-Feb-2002,9.861
13-Feb-2002,9.91
14-Feb-2002,9.935
15-Feb-2002,9.921
16-Feb-2002,9.857
17-Feb-2002,9.746
18-Feb-2002,9.629
19-Feb-2002,9.532
20-Feb-2002,9.465
21-Feb-2002,9.419
22-Feb-2002,9.382
23-Feb-2002,9.355
24-Feb-2002,9.325
25-Feb-2002,9.32
26-Feb-2002,9.349
27-Feb-2002,9.385
28-Feb-2002,9.411
01-Mar-2002,9.501
02-Mar-2002,9.704
03-Mar-2002,10.038
04-Mar-2002,10.528
05-Mar-2002,11.24
06-Mar-2002,12.135
07-Mar-2002,13.229
08-Mar-2002,14.651
09-Mar-2002,15.665
10-Mar-2002,16.414
11-Mar-2002,17.569
12-Mar-2002,18.741
13-Mar-2002,19.544
14-Mar-2002,20.007
15-Mar-2002,20.528
16-Mar-2002,21.45
17-Mar-2002,22.78
18-Mar-2002,24.337
19-Mar-2002,25.898
20-Mar-2002,27.435
21-Mar-2002,29.078
22-Mar-2002,30.89
23-Mar-2002,32.763
24-Mar-2002,34.481
25-Mar-2002,35.904
26-Mar-2002,36.988
27-Mar-2002,37.745
28-Mar-2002,38.307
29-Mar-2002,38.948
30-Mar-2002,39.874
31-Mar-2002,41.215
01-Apr-2002,43.117
02-Apr-2002,45.62
03-Apr-2002,48.482
04-Apr-2002,51.331
05-Apr-2002,53.659
06-Apr-2002,55.298
07-Apr-2002,56.91
08-Apr-2002,58.674
09-Apr-2002,60.085
10-Apr-2002,61.145
11-Apr-2002,62.84
12-Apr-2002,66.108
13-Apr-2002,71.242
14-Apr-2002,77.572
15-Apr-2002,84.626
16-Apr-2002,91.113
17-Apr-2002,96.205
18-Apr-2002,99.536
19-Apr-2002,101.706
20-Apr-2002,104.02
21-Apr-2002,107.5
22-Apr-2002,112.353
23-Apr-2002,118.411
24-Apr-2002,124.934
25-Apr-2002,131.274
26-Apr-2002,136.885
27-Apr-2002,141.436
28-Apr-2002,145.135
29-Apr-2002,148.535
30-Apr-2002,152.029
01-May-2002,155.822
02-May-2002,159.868
03-May-2002,164.209
04-May-2002,168.988
05-May-2002,174.219
06-May-2002,179.865
07-May-2002,185.545
08-May-2002,190.62
09-May-2002,194.413
10-May-2002,196.502
11-May-2002,196.867
12-May-2002,195.738
13-May-2002,193.488
14-May-2002,190.438
15-May-2002,186.728
16-May-2002,182.448
17-May-2002,177.802
18-May-2002,173.174
19-May-2002,169.028
20-May-2002,165.679
21-May-2002,163.132
22-May-2002,161.102
23-May-2002,158.937
24-May-2002,155.741
25-May-2002,150.284
26-May-2002,141.222
27-May-2002,127.883
28-May-2002,111.498
29-May-2002,95.706
30-May-2002,84.094
31-May-2002,77.014
01-Jun-2002,72.582
02-Jun-2002,69.428
03-Jun-2002,67.187
04-Jun-2002,65.654
05-Jun-2002,64.451
06-Jun-2002,63.158
07-Jun-2002,61.49
08-Jun-2002,59.303
09-Jun-2002,56.655
10-Jun-2002,52.999
11-Jun-2002,48.023
12-Jun-2002,42.747
13-Jun-2002,39.856
14-Jun-2002,39.879
15-Jun-2002,41.04
16-Jun-2002,41.996
17-Jun-2002,42.164
18-Jun-2002,41.666
19-Jun-2002,41.289
20-Jun-2002,41.52
21-Jun-2002,41.928
22-Jun-2002,41.903
23-Jun-2002,41.487
24-Jun-2002,41.37
25-Jun-2002,42.151
26-Jun-2002,43.954
27-Jun-2002,46.534
28-Jun-2002,49.49
29-Jun-2002,52.521
30-Jun-2002,55.62
01-Jul-2002,58.91
02-Jul-2002,62.39
03-Jul-2002,65.97
04-Jul-2002,69.312
05-Jul-2002,72.106
06-Jul-2002,74.093
07-Jul-2002,75.243
08-Jul-2002,75.729
09-Jul-2002,75.925
10-Jul-2002,75.965
11-Jul-2002,76.14
12-Jul-2002,76.64
13-Jul-2002,77.138
14-Jul-2002,77.45
15-Jul-2002,76.844
16-Jul-2002,74.321
17-Jul-2002,68.326
18-Jul-2002,57.952
19-Jul-2002,45.879
20-Jul-2002,37.978
21-Jul-2002,35.901
22-Jul-2002,37.095
23-Jul-2002,39.602
24-Jul-2002,42.114
25-Jul-2002,43.881
26-Jul-2002,45.181
27-Jul-2002,47.119
28-Jul-2002,49.981
29-Jul-2002,53.298
30-Jul-2002,56.292
31-Jul-2002,57.96
01-Aug-2002,57.023
02-Aug-2002,53.146
03-Aug-2002,48.296
04-Aug-2002,45.267
05-Aug-2002,44.932
06-Aug-2002,46.381
07-Aug-2002,48.49
08-Aug-2002,50.625
09-Aug-2002,52.881
10-Aug-2002,55.532
11-Aug-2002,58.744
12-Aug-2002,62.298
13-Aug-2002,65.863
14-Aug-2002,69.156
15-Aug-2002,72.002
16-Aug-2002,74.16
17-Aug-2002,75.221
18-Aug-2002,74.667
19-Aug-2002,72.371
20-Aug-2002,69.038
21-Aug-2002,65.827
22-Aug-2002,63.477
23-Aug-2002,61.699
24-Aug-2002,59.646
25-Aug-2002,56.761
26-Aug-2002,53.419
27-Aug-2002,50.656
28-Aug-2002,49.276
29-Aug-2002,49.268
30-Aug-2002,50.259
31-Aug-2002,51.864
01-Sep-2002,53.652
02-Sep-2002,55.006
03-Sep-2002,55.051
04-Sep-2002,52.306
05-Sep-2002,45.25
06-Sep-2002,35.147
07-Sep-2002,27.739
08-Sep-2002,25.269
09-Sep-2002,26.726
10-Sep-2002,31.591
11-Sep-2002,35.572
12-Sep-2002,37.78
13-Sep-2002,40.942
14-Sep-2002,45.951
15-Sep-2002,51.848
16-Sep-2002,57.592
17-Sep-2002,62.529
18-Sep-2002,65.898
19-Sep-2002,66.657
20-Sep-2002,64.481
21-Sep-2002,61.127
22-Sep-2002,59.196
23-Sep-2002,59.742
24-Sep-2002,62.372
25-Sep-2002,66.229
26-Sep-2002,70.645
27-Sep-2002,75.206
28-Sep-2002,79.853
29-Sep-2002,84.629
30-Sep-2002,89.501
01-Oct-2002,94.338
02-Oct-2002,98.827
03-Oct-2002,102.381
04-Oct-2002,104.347
05-Oct-2002,103.363
06-Oct-2002,98.304
07-Oct-2002,89.369
08-Oct-2002,78.957
09-Oct-2002,71.08
10-Oct-2002,67.735
11-Oct-2002,67.81
12-Oct-2002,69.288
13-Oct-2002,70.917
14-Oct-2002,72.324
15-Oct-2002,73.746
16-Oct-2002,75.643
17-Oct-2002,78.715
18-Oct-2002,82.578
19-Oct-2002,87.035
20-Oct-2002,91.078
21-Oct-2002,94.417
22-Oct-2002,96.778
23-Oct-2002,97.943
24-Oct-2002,97.8
25-Oct-2002,96.645
26-Oct-2002,95.103
27-Oct-2002,93.562
28-Oct-2002,91.836
29-Oct-2002,89.686
30-Oct-2002,87.418
31-Oct-2002,85.589
01-Nov-2002,84.316
02-Nov-2002,83.31
03-Nov-2002,82.479
04-Nov-2002,82.181
05-Nov-2002,82.773
06-Nov-2002,84.296
07-Nov-2002,86.552
08-Nov-2002,89.272
09-Nov-2002,92.236
10-Nov-2002,95.282
11-Nov-2002,98.273
12-Nov-2002,101.032
13-Nov-2002,103.331
14-Nov-2002,104.894
15-Nov-2002,105.546
16-Nov-2002,105.328
17-Nov-2002,104.497
18-Nov-2002,103.265
19-Nov-2002,101.592
20-Nov-2002,99.081
21-Nov-2002,95.153
22-Nov-2002,89.4
23-Nov-2002,82.155
24-Nov-2002,74.464
25-Nov-2002,67.138
26-Nov-2002,59.747
27-Nov-2002,51.292
28-Nov-2002,42.467
29-Nov-2002,35.877
30-Nov-2002,32.332
01-Dec-2002,29.844
02-Dec-2002,26.292
03-Dec-2002,21.765
04-Dec-2002,18.476
05-Dec-2002,17.135
06-Dec-2002,16.716
07-Dec-2002,16.647
08-Dec-2002,16.737
09-Dec-2002,16.867
10-Dec-2002,17.105
11-Dec-2002,17.58
12-Dec-2002,17.991
13-Dec-2002,18.184
14-Dec-2002,18.543
15-Dec-2002,19.326
16-Dec-2002,20.359
17-Dec-2002,21.379
18-Dec-2002,22.227
19-Dec-2002,22.86
20-Dec-2002,23.267
21-Dec-2002,23.416
22-Dec-2002,23.31
23-Dec-2002,23.032
24-Dec-2002,22.699
25-Dec-2002,22.413
26-Dec-2002,22.223
27-Dec-2002,22.067
28-Dec-2002,21.851
29-Dec-2002,21.495
30-Dec-2002,20.887
31-Dec-2002,19.868
01-Jan-2003,18.47
02-Jan-2003,17.098
03-Jan-2003,16.14
04-Jan-2003,15.627
05-Jan-2003,15.382
06-Jan-2003,15.257
07-Jan-2003,15.182
08-Jan-2003,15.123
09-Jan-2003,15.08
10-Jan-2003,15.038
11-Jan-2003,15
12-Jan-2003,14.975
13-Jan-2003,14.955
14-Jan-2003,14.955
15-Jan-2003,14.985
16-Jan-2003,15.03
17-Jan-2003,15.04
18-Jan-2003,15.005
19-Jan-2003,14.934
20-Jan-2003,14.87
21-Jan-2003,14.84
22-Jan-2003,14.863
23-Jan-2003,14.986
24-Jan-2003,15.186
25-Jan-2003,15.37
26-Jan-2003,15.52
27-Jan-2003,15.668
28-Jan-2003,15.769
29-Jan-2003,15.773
30-Jan-2003,15.699
31-Jan-2003,15.591
01-Feb-2003,15.496
02-Feb-2003,15.455
03-Feb-2003,15.471
04-Feb-2003,15.495
05-Feb-2003,15.472
06-Feb-2003,15.385
07-Feb-2003,15.259
08-Feb-2003,15.13
09-Feb-2003,15.012
10-Feb-2003,14.894
11-Feb-2003,14.766
12-Feb-2003,14.631
13-Feb-2003,14.541
14-Feb-2003,14.777
15-Feb-2003,15.26
16-Feb-2003,16.573
17-Feb-2003,19.382
18-Feb-2003,21.246
19-Feb-2003,22.591
20-Feb-2003,24.171
21-Feb-2003,25.673
22-Feb-2003,26.864
23-Feb-2003,27.46
24-Feb-2003,27.324
25-Feb-2003,27.193
26-Feb-2003,27.863
27-Feb-2003,29.396
28-Feb-2003,31.481
01-Mar-2003,33.843
02-Mar-2003,36.356
03-Mar-2003,39.001
04-Mar-2003,41.809
05-Mar-2003,44.752
06-Mar-2003,47.776
07-Mar-2003,50.863
08-Mar-2003,54.006
09-Mar-2003,57.171
10-Mar-2003,60.247
11-Mar-2003,63.059
12-Mar-2003,65.328
13-Mar-2003,66.741
14-Mar-2003,67.06
15-Mar-2003,66.301
16-Mar-2003,64.824
17-Mar-2003,63.11
18-Mar-2003,61.243
19-Mar-2003,58.6
20-Mar-2003,54.023
21-Mar-2003,46.623
22-Mar-2003,36.937
23-Mar-2003,27.016
24-Mar-2003,19.879
25-Mar-2003,16.838
26-Mar-2003,16.059
27-Mar-2003,15.985
28-Mar-2003,16.224
29-Mar-2003,17.572
30-Mar-2003,19.138
31-Mar-2003,20.326
01-Apr-2003,21.512
02-Apr-2003,23.398
03-Apr-2003,26.007
04-Apr-2003,28.527
05-Apr-2003,29.958
06-Apr-2003,30.037
07-Apr-2003,29.555
08-Apr-2003,29.278
09-Apr-2003,29.626
10-Apr-2003,30.699
11-Apr-2003,32.392
12-Apr-2003,34.56
13-Apr-2003,36.904
14-Apr-2003,39.195
15-Apr-2003,41.505
16-Apr-2003,44.004
17-Apr-2003,46.726
18-Apr-2003,49.602
19-Apr-2003,52.746
20-Apr-2003,56.1
21-Apr-2003,59.454
22-Apr-2003,62.384
23-Apr-2003,64.698
24-Apr-2003,66.497
25-Apr-2003,68.141
26-Apr-2003,70.129
27-Apr-2003,72.476
28-Apr-2003,74.635
29-Apr-2003,75.925
30-Apr-2003,76.324
01-May-2003,76.688
02-May-2003,77.853
03-May-2003,80.147
04-May-2003,83.354
05-May-2003,86.909
06-May-2003,90.218
07-May-2003,92.95
08-May-2003,95.012
09-May-2003,96.502
10-May-2003,97.598
11-May-2003,98.508
12-May-2003,99.405
13-May-2003,100.452
14-May-2003,101.752
15-May-2003,103.347
16-May-2003,105.211
17-May-2003,107.239
18-May-2003,109.234
19-May-2003,110.895
20-May-2003,111.883
21-May-2003,111.914
22-May-2003,110.778
23-May-2003,108.316
24-May-2003,104.206
25-May-2003,98.154
26-May-2003,90.339
27-May-2003,81.72
28-May-2003,73.518
29-May-2003,65.738
30-May-2003,56.582
31-May-2003,44.903
01-Jun-2003,34.684
02-Jun-2003,30.8
03-Jun-2003,31.007
04-Jun-2003,32.437
05-Jun-2003,35.086
06-Jun-2003,38.714
07-Jun-2003,42.682
08-Jun-2003,46.688
09-Jun-2003,50.54
10-Jun-2003,53.594
11-Jun-2003,55.176
12-Jun-2003,55.4
13-Jun-2003,53.929
14-Jun-2003,52.523
15-Jun-2003,52.496
16-Jun-2003,54.184
17-Jun-2003,57.328
18-Jun-2003,61.2
19-Jun-2003,65.059
20-Jun-2003,68.557
21-Jun-2003,71.826
22-Jun-2003,75.295
23-Jun-2003,79.284
24-Jun-2003,83.873
25-Jun-2003,88.939
26-Jun-2003,94.272
27-Jun-2003,99.677
28-Jun-2003,104.97
29-Jun-2003,109.992
30-Jun-2003,114.579
01-Jul-2003,118.546
02-Jul-2003,121.701
03-Jul-2003,123.974
04-Jul-2003,125.188
05-Jul-2003,125.352
06-Jul-2003,124.527
07-Jul-2003,122.854
08-Jul-2003,120.648
09-Jul-2003,118.312
10-Jul-2003,116.156
11-Jul-2003,114.114
12-Jul-2003,111.506
13-Jul-2003,107.04
14-Jul-2003,99.187
15-Jul-2003,87.201
16-Jul-2003,73.026
17-Jul-2003,61.131
18-Jul-2003,54.093
19-Jul-2003,50.315
20-Jul-2003,46.962
21-Jul-2003,42.136
22-Jul-2003,35.752
23-Jul-2003,29.655
24-Jul-2003,25.327
25-Jul-2003,22.811
26-Jul-2003,21.863
27-Jul-2003,22.1
28-Jul-2003,22.997
29-Jul-2003,24.171
30-Jul-2003,25.523
31-Jul-2003,27.098
01-Aug-2003,28.874
02-Aug-2003,30.665
03-Aug-2003,32.145
04-Aug-2003,32.89
05-Aug-2003,32.438
06-Aug-2003,30.574
07-Aug-2003,27.789
08-Aug-2003,25.201
09-Aug-2003,23.515
10-Aug-2003,22.489
11-Aug-2003,21.481
12-Aug-2003,20.124
13-Aug-2003,18.761
14-Aug-2003,18.053
15-Aug-2003,18.464
16-Aug-2003,19.118
17-Aug-2003,19.551
18-Aug-2003,20.144
19-Aug-2003,21.009
20-Aug-2003,22.036
21-Aug-2003,22.588
22-Aug-2003,22.98
23-Aug-2003,24.739
24-Aug-2003,27.267
25-Aug-2003,29.441
26-Aug-2003,31.277
27-Aug-2003,32.584
28-Aug-2003,33.045
29-Aug-2003,32.583
30-Aug-2003,31.334
31-Aug-2003,29.771
01-Sep-2003,28.712
02-Sep-2003,28.543
03-Sep-2003,29.135
04-Sep-2003,30.406
05-Sep-2003,31.85
06-Sep-2003,32.876
07-Sep-2003,33.07
08-Sep-2003,33.201
09-Sep-2003,33.878
10-Sep-2003,35.092
11-Sep-2003,36.279
12-Sep-2003,37.205
13-Sep-2003,37.578
14-Sep-2003,36.953
15-Sep-2003,35.758
16-Sep-2003,35.587
17-Sep-2003,36.459
18-Sep-2003,37.907
19-Sep-2003,40.34
20-Sep-2003,43.648
21-Sep-2003,47.084
22-Sep-2003,50.269
23-Sep-2003,53.203
24-Sep-2003,55.906
25-Sep-2003,58.456
26-Sep-2003,60.594
27-Sep-2003,62.272
28-Sep-2003,63.853
29-Sep-2003,66.02
30-Sep-2003,69.162
01-Oct-2003,72.825
02-Oct-2003,76.534
03-Oct-2003,79.649
04-Oct-2003,82.084
05-Oct-2003,84.124
06-Oct-2003,86.252
07-Oct-2003,88.307
08-Oct-2003,90.011
09-Oct-2003,91.022
10-Oct-2003,91.068
11-Oct-2003,90.921
12-Oct-2003,91.724
13-Oct-2003,94.145
14-Oct-2003,97.856
15-Oct-2003,102.217
16-Oct-2003,106.608
17-Oct-2003,110.446
18-Oct-2003,113.624
19-Oct-2003,116.2
20-Oct-2003,118.298
21-Oct-2003,120.101
22-Oct-2003,121.81
23-Oct-2003,123.566
24-Oct-2003,125.676
25-Oct-2003,127.951
26-Oct-2003,130.255
27-Oct-2003,132.325
28-Oct-2003,133.97
29-Oct-2003,135.092
30-Oct-2003,135.721
31-Oct-2003,135.98
01-Nov-2003,136.05
02-Nov-2003,136.055
03-Nov-2003,136.179
04-Nov-2003,136.462
05-Nov-2003,136.941
06-Nov-2003,137.485
07-Nov-2003,137.91
08-Nov-2003,138.009
09-Nov-2003,137.654
10-Nov-2003,136.776
11-Nov-2003,135.353
12-Nov-2003,133.419
13-Nov-2003,130.965
14-Nov-2003,128.046
15-Nov-2003,124.638
16-Nov-2003,120.911
17-Nov-2003,117.188
18-Nov-2003,113.848
19-Nov-2003,111.304
20-Nov-2003,109.709
21-Nov-2003,108.733
22-Nov-2003,107.486
23-Nov-2003,104.654
24-Nov-2003,98.952
25-Nov-2003,90.226
26-Nov-2003,80.453
27-Nov-2003,72.797
28-Nov-2003,68.877
29-Nov-2003,68.018
30-Nov-2003,68.761
01-Dec-2003,69.954
02-Dec-2003,70.87
03-Dec-2003,71.092
04-Dec-2003,70.431
05-Dec-2003,68.984
06-Dec-2003,67.088
07-Dec-2003,65.155
08-Dec-2003,63.53
09-Dec-2003,62.403
10-Dec-2003,61.744
11-Dec-2003,61.219
12-Dec-2003,60.051
13-Dec-2003,56.786
14-Dec-2003,49.392
15-Dec-2003,37.902
16-Dec-2003,28.063
17-Dec-2003,24.091
18-Dec-2003,23.367
19-Dec-2003,23.316
20-Dec-2003,23.16
21-Dec-2003,22.87
22-Dec-2003,22.599
23-Dec-2003,22.379
24-Dec-2003,22.06
25-Dec-2003,21.453
26-Dec-2003,20.538
27-Dec-2003,19.547
28-Dec-2003,18.761
29-Dec-2003,18.272
30-Dec-2003,18.02
31-Dec-2003,17.899
01-Jan-2004,17.824
02-Jan-2004,17.74
03-Jan-2004,17.634
04-Jan-2004,17.518
05-Jan-2004,17.41
06-Jan-2004,17.323
07-Jan-2004,17.256
08-Jan-2004,17.205
09-Jan-2004,17.161
10-Jan-2004,17.126
11-Jan-2004,17.101
12-Jan-2004,17.09
13-Jan-2004,17.109
14-Jan-2004,17.15
15-Jan-2004,17.185
16-Jan-2004,17.188
17-Jan-2004,17.145
18-Jan-2004,17.07
19-Jan-2004,16.987
20-Jan-2004,16.931
21-Jan-2004,17.013
22-Jan-2004,17.176
23-Jan-2004,17.43
24-Jan-2004,18.233
25-Jan-2004,19.565
26-Jan-2004,20.924
27-Jan-2004,21.564
28-Jan-2004,21.022
29-Jan-2004,20.037
30-Jan-2004,19.615
31-Jan-2004,19.822
01-Feb-2004,20.374
02-Feb-2004,21.158
03-Feb-2004,22.133
04-Feb-2004,23.178
05-Feb-2004,24.091
06-Feb-2004,24.66
07-Feb-2004,24.824
08-Feb-2004,24.789
09-Feb-2004,24.899
10-Feb-2004,25.369
11-Feb-2004,26.192
12-Feb-2004,27.19
13-Feb-2004,28.069
14-Feb-2004,28.402
15-Feb-2004,27.666
16-Feb-2004,25.551
17-Feb-2004,22.542
18-Feb-2004,19.96
19-Feb-2004,18.854
20-Feb-2004,18.879
21-Feb-2004,19.115
22-Feb-2004,18.887
23-Feb-2004,18.446
24-Feb-2004,18.419
25-Feb-2004,18.934
26-Feb-2004,19.796
27-Feb-2004,20.927
28-Feb-2004,22.514
29-Feb-2004,24.436
01-Mar-2004,26.541
02-Mar-2004,29.06
03-Mar-2004,31.93
04-Mar-2004,34.812
05-Mar-2004,37.53
06-Mar-2004,39.975
07-Mar-2004,42.297
08-Mar-2004,44.486
09-Mar-2004,46.265
10-Mar-2004,47.439
11-Mar-2004,48.227
12-Mar-2004,49.161
13-Mar-2004,50.71
14-Mar-2004,53.032
15-Mar-2004,56.032
16-Mar-2004,59.533
17-Mar-2004,63.355
18-Mar-2004,67.387
19-Mar-2004,71.529
20-Mar-2004,75.7
21-Mar-2004,79.802
22-Mar-2004,83.709
23-Mar-2004,87.193
24-Mar-2004,89.954
25-Mar-2004,91.568
26-Mar-2004,91.552
27-Mar-2004,89.615
28-Mar-2004,85.927
29-Mar-2004,81.33
30-Mar-2004,76.643
31-Mar-2004,72.213
01-Apr-2004,66.787
02-Apr-2004,58.541
03-Apr-2004,48.508
04-Apr-2004,41.832
05-Apr-2004,40.958
06-Apr-2004,43.703
07-Apr-2004,47.945
08-Apr-2004,52.523
09-Apr-2004,56.533
10-Apr-2004,59.077
11-Apr-2004,60.07
12-Apr-2004,60.575
13-Apr-2004,61.9
14-Apr-2004,64.525
15-Apr-2004,68.206
16-Apr-2004,72.528
17-Apr-2004,77.231
18-Apr-2004,82.216
19-Apr-2004,87.392
20-Apr-2004,92.702
21-Apr-2004,98.099
22-Apr-2004,103.52
23-Apr-2004,108.836
24-Apr-2004,113.947
25-Apr-2004,118.792
26-Apr-2004,123.426
27-Apr-2004,127.868
28-Apr-2004,131.984
29-Apr-2004,135.667
30-Apr-2004,138.495
01-May-2004,140.255
02-May-2004,140.901
03-May-2004,140.547
04-May-2004,139.349
05-May-2004,137.411
06-May-2004,134.123
07-May-2004,127.672
08-May-2004,116.681
09-May-2004,102.227
10-May-2004,89.45
11-May-2004,83.18
12-May-2004,83.261
13-May-2004,86.879
14-May-2004,91.665
15-May-2004,96.17
16-May-2004,99.66
17-May-2004,102.142
18-May-2004,104.137
19-May-2004,106.414
20-May-2004,109.118
21-May-2004,112.069
22-May-2004,114.917
23-May-2004,117.306
24-May-2004,119.117
25-May-2004,120.441
26-May-2004,121.509
27-May-2004,122.52
28-May-2004,123.442
29-May-2004,123.863
30-May-2004,123.214
31-May-2004,121.167
01-Jun-2004,117.856
02-Jun-2004,113.696
03-Jun-2004,109.067
04-Jun-2004,104.104
05-Jun-2004,99.119
06-Jun-2004,94.721
07-Jun-2004,91.671
08-Jun-2004,90.468
09-Jun-2004,91.098
10-Jun-2004,93.087
11-Jun-2004,95.738
12-Jun-2004,98.202
13-Jun-2004,99.555
14-Jun-2004,98.893
15-Jun-2004,95.508
16-Jun-2004,89.272
17-Jun-2004,81.214
18-Jun-2004,73.446
19-Jun-2004,67.861
20-Jun-2004,64.526
21-Jun-2004,61.795
22-Jun-2004,57.434
23-Jun-2004,50.465
24-Jun-2004,42.617
25-Jun-2004,36.788
26-Jun-2004,33.999
27-Jun-2004,33.373
28-Jun-2004,33.511
29-Jun-2004,32.953
30-Jun-2004,30.809
01-Jul-2004,27.793
02-Jul-2004,25.497
03-Jul-2004,24.398
04-Jul-2004,23.989
05-Jul-2004,23.94
06-Jul-2004,24.395
07-Jul-2004,25.454
08-Jul-2004,26.816
09-Jul-2004,30.275
10-Jul-2004,30.766
11-Jul-2004,31.37
12-Jul-2004,32.11
13-Jul-2004,32.669
14-Jul-2004,33.197
15-Jul-2004,34.091
16-Jul-2004,35.652
17-Jul-2004,37.666
18-Jul-2004,39.329
19-Jul-2004,40.593
20-Jul-2004,42.078
21-Jul-2004,44.363
22-Jul-2004,47.448
23-Jul-2004,51.009
24-Jul-2004,54.729
25-Jul-2004,58.419
26-Jul-2004,61.991
27-Jul-2004,65.472
28-Jul-2004,68.848
29-Jul-2004,71.995
30-Jul-2004,74.858
31-Jul-2004,77.24
01-Aug-2004,78.853
02-Aug-2004,79.304
03-Aug-2004,77.707
04-Aug-2004,72.689
05-Aug-2004,62.556
06-Aug-2004,46.825
07-Aug-2004,31.861
08-Aug-2004,24.845
09-Aug-2004,23.531
10-Aug-2004,24.018
11-Aug-2004,25.113
12-Aug-2004,26.937
13-Aug-2004,29.544
14-Aug-2004,32.513
15-Aug-2004,34.921
16-Aug-2004,35.981
17-Aug-2004,36.245
18-Aug-2004,36.941
19-Aug-2004,38.441
20-Aug-2004,40.208
21-Aug-2004,41.351
22-Aug-2004,41.241
23-Aug-2004,39.982
24-Aug-2004,38.225
25-Aug-2004,36.542
26-Aug-2004,35.329
27-Aug-2004,34.718
28-Aug-2004,34.797
29-Aug-2004,35.342
30-Aug-2004,36.242
31-Aug-2004,37.271
01-Sep-2004,38.232
02-Sep-2004,38.895
03-Sep-2004,38.491
04-Sep-2004,37.425
05-Sep-2004,36.903
06-Sep-2004,37.241
07-Sep-2004,38.038
08-Sep-2004,39.038
09-Sep-2004,40.043
10-Sep-2004,40.645
11-Sep-2004,40.646
12-Sep-2004,40.262
13-Sep-2004,40.18
14-Sep-2004,40.989
15-Sep-2004,42.819
16-Sep-2004,45.25
17-Sep-2004,47.896
18-Sep-2004,50.688
19-Sep-2004,53.535
20-Sep-2004,56.338
21-Sep-2004,59.019
22-Sep-2004,61.31
23-Sep-2004,63.175
24-Sep-2004,64.773
25-Sep-2004,65.911
26-Sep-2004,67.315
27-Sep-2004,69.455
28-Sep-2004,72.206
29-Sep-2004,75.475
30-Sep-2004,79.392
01-Oct-2004,84.198
02-Oct-2004,89.362
03-Oct-2004,94.608
04-Oct-2004,99.872
05-Oct-2004,105.074
06-Oct-2004,109.766
07-Oct-2004,113.733
08-Oct-2004,116.974
09-Oct-2004,120.707
10-Oct-2004,126.715
11-Oct-2004,133.121
12-Oct-2004,138.995
13-Oct-2004,143.812
14-Oct-2004,149.146
15-Oct-2004,156.422
16-Oct-2004,163.571
17-Oct-2004,170.275
18-Oct-2004,176.56
19-Oct-2004,182.983
20-Oct-2004,189.967
21-Oct-2004,197.345
22-Oct-2004,204.605
23-Oct-2004,211.121
24-Oct-2004,216.361
25-Oct-2004,219.804
26-Oct-2004,221.149
27-Oct-2004,220.487
28-Oct-2004,218.32
29-Oct-2004,215.571
30-Oct-2004,213.178
31-Oct-2004,211.894
01-Nov-2004,212.061
02-Nov-2004,213.753
03-Nov-2004,216.66
04-Nov-2004,220.423
05-Nov-2004,224.875
06-Nov-2004,229.84
07-Nov-2004,235.338
08-Nov-2004,241.32
09-Nov-2004,247.742
10-Nov-2004,254.524
11-Nov-2004,261.504
12-Nov-2004,268.475
13-Nov-2004,275.187
14-Nov-2004,281.459
15-Nov-2004,287.033
16-Nov-2004,291.615
17-Nov-2004,294.906
18-Nov-2004,296.582
19-Nov-2004,296.345
20-Nov-2004,293.979
21-Nov-2004,289.396
22-Nov-2004,282.673
23-Nov-2004,274.028
24-Nov-2004,263.727
25-Nov-2004,251.939
26-Nov-2004,238.567
27-Nov-2004,223.161
28-Nov-2004,205.062
29-Nov-2004,183.843
30-Nov-2004,160.086
01-Dec-2004,135.939
02-Dec-2004,114.649
03-Dec-2004,98.779
04-Dec-2004,88.772
05-Dec-2004,83.434
06-Dec-2004,81.177
07-Dec-2004,80.647
08-Dec-2004,80.67
09-Dec-2004,79.984
10-Dec-2004,77.026
11-Dec-2004,70.245
12-Dec-2004,59.659
13-Dec-2004,48.723
14-Dec-2004,41.655
15-Dec-2004,38.749
16-Dec-2004,37.902
17-Dec-2004,37.438
18-Dec-2004,36.34
19-Dec-2004,33.992
20-Dec-2004,30.558
21-Dec-2004,27.156
22-Dec-2004,24.908
23-Dec-2004,23.805
24-Dec-2004,23.305
25-Dec-2004,23.053
26-Dec-2004,22.907
27-Dec-2004,22.835
28-Dec-2004,22.877
29-Dec-2004,23.06
30-Dec-2004,23.266
31-Dec-2004,23.393
01-Jan-2005,23.512
02-Jan-2005,23.641
03-Jan-2005,23.698
04-Jan-2005,23.69
05-Jan-2005,23.76
06-Jan-2005,24.049
07-Jan-2005,24.645
08-Jan-2005,25.594
09-Jan-2005,26.896
10-Jan-2005,28.506
11-Jan-2005,30.335
12-Jan-2005,32.215
13-Jan-2005,33.897
14-Jan-2005,35.024
15-Jan-2005,35.205
16-Jan-2005,34.238
17-Jan-2005,32.391
18-Jan-2005,30.343
19-Jan-2005,28.603
20-Jan-2005,27.239
21-Jan-2005,26.108
22-Jan-2005,25.144
23-Jan-2005,24.343
24-Jan-2005,23.701
25-Jan-2005,23.19
26-Jan-2005,22.812
27-Jan-2005,22.641
28-Jan-2005,22.558
29-Jan-2005,22.6
30-Jan-2005,22.807
31-Jan-2005,23.194
01-Feb-2005,23.685
02-Feb-2005,24.073
03-Feb-2005,24.143
04-Feb-2005,24.054
05-Feb-2005,24.161
06-Feb-2005,24.619
07-Feb-2005,25.358
08-Feb-2005,26.294
09-Feb-2005,27.406
10-Feb-2005,28.696
11-Feb-2005,30.105
12-Feb-2005,31.494
13-Feb-2005,32.647
14-Feb-2005,33.326
15-Feb-2005,33.353
16-Feb-2005,32.709
17-Feb-2005,31.578
18-Feb-2005,30.223
19-Feb-2005,28.873
20-Feb-2005,27.436
21-Feb-2005,25.943
22-Feb-2005,24.8
23-Feb-2005,24.58
24-Feb-2005,25.115
25-Feb-2005,25.734
26-Feb-2005,25.933
27-Feb-2005,25.583
28-Feb-2005,24.99
01-Mar-2005,24.851
02-Mar-2005,25.326
03-Mar-2005,26.002
04-Mar-2005,26.509
05-Mar-2005,26.873
06-Mar-2005,27.591
07-Mar-2005,28.948
08-Mar-2005,30.463
09-Mar-2005,31.819
10-Mar-2005,33.44
11-Mar-2005,35.367
12-Mar-2005,37.551
13-Mar-2005,39.154
14-Mar-2005,39.25
15-Mar-2005,38.005
16-Mar-2005,37.269
17-Mar-2005,37.76
18-Mar-2005,38.908
19-Mar-2005,39.949
20-Mar-2005,40.584
21-Mar-2005,41.021
22-Mar-2005,41.693
23-Mar-2005,42.886
24-Mar-2005,44.669
25-Mar-2005,46.885
26-Mar-2005,49.19
27-Mar-2005,51.236
28-Mar-2005,52.991
29-Mar-2005,54.801
30-Mar-2005,56.917
31-Mar-2005,59.002
01-Apr-2005,60.259
02-Apr-2005,60.095
03-Apr-2005,58.864
04-Apr-2005,57.462
05-Apr-2005,56.671
06-Apr-2005,56.8
07-Apr-2005,57.955
08-Apr-2005,60.082
09-Apr-2005,62.876
10-Apr-2005,65.734
11-Apr-2005,67.798
12-Apr-2005,68.116
13-Apr-2005,66.135
14-Apr-2005,62.226
15-Apr-2005,57.688
16-Apr-2005,53.942
17-Apr-2005,51.725
18-Apr-2005,51.014
19-Apr-2005,51.458
20-Apr-2005,52.52
21-Apr-2005,52.96
22-Apr-2005,51.64
23-Apr-2005,49.12
24-Apr-2005,46.844
25-Apr-2005,45.582
26-Apr-2005,45.422
27-Apr-2005,46.072
28-Apr-2005,47.03
29-Apr-2005,47.549
30-Apr-2005,46.858
01-May-2005,44.897
02-May-2005,42.598
03-May-2005,41.062
04-May-2005,40.885
05-May-2005,42.139
06-May-2005,44.428
07-May-2005,47.108
08-May-2005,49.831
09-May-2005,52.56
10-May-2005,55.236
11-May-2005,57.819
12-May-2005,59.85
13-May-2005,60.933
14-May-2005,61.196
15-May-2005,61.124
16-May-2005,61.346
17-May-2005,62.296
18-May-2005,64.088
19-May-2005,66.521
20-May-2005,69.13
21-May-2005,71.569
22-May-2005,73.796
23-May-2005,75.996
24-May-2005,78.276
25-May-2005,80.562
26-May-2005,82.338
27-May-2005,82.726
28-May-2005,80.979
29-May-2005,77.12
30-May-2005,72.387
31-May-2005,68.486
01-Jun-2005,66.565
02-Jun-2005,66.429
03-Jun-2005,67.394
04-Jun-2005,69.062
05-Jun-2005,70.979
06-Jun-2005,72.617
07-Jun-2005,73.105
08-Jun-2005,71.25
09-Jun-2005,66.222
10-Jun-2005,58.693
11-Jun-2005,51.289
12-Jun-2005,46.468
13-Jun-2005,44.852
14-Jun-2005,45.705
15-Jun-2005,47.988
16-Jun-2005,50.652
17-Jun-2005,53.153
18-Jun-2005,55.392
19-Jun-2005,57.387
20-Jun-2005,59.039
21-Jun-2005,60.166
22-Jun-2005,60.633
23-Jun-2005,60.474
24-Jun-2005,59.778
25-Jun-2005,58.912
26-Jun-2005,58.251
27-Jun-2005,58.125
28-Jun-2005,58.597
29-Jun-2005,59.32
30-Jun-2005,59.563
01-Jul-2005,58.359
02-Jul-2005,54.773
03-Jul-2005,48.35
04-Jul-2005,40.154
05-Jul-2005,33.166
06-Jul-2005,29.223
07-Jul-2005,27.588
08-Jul-2005,26.933
09-Jul-2005,26.749
10-Jul-2005,26.89
11-Jul-2005,27.142
12-Jul-2005,27.286
13-Jul-2005,27.402
14-Jul-2005,27.716
15-Jul-2005,28.379
16-Jul-2005,29.601
17-Jul-2005,31.558
18-Jul-2005,32.74
19-Jul-2005,32.754
20-Jul-2005,33.639
21-Jul-2005,36.831
22-Jul-2005,40.017
23-Jul-2005,42.411
24-Jul-2005,44.862
25-Jul-2005,47.988
26-Jul-2005,50.087
27-Jul-2005,50.659
28-Jul-2005,51.154
29-Jul-2005,53.425
30-Jul-2005,57.644
31-Jul-2005,62.884
01-Aug-2005,68.51
02-Aug-2005,74.158
03-Aug-2005,78.977
04-Aug-2005,81.563
05-Aug-2005,80.938
06-Aug-2005,77.859
07-Aug-2005,74.56
08-Aug-2005,72.839
09-Aug-2005,72.89
10-Aug-2005,73.975
11-Aug-2005,75.321
12-Aug-2005,76.459
13-Aug-2005,77.256
14-Aug-2005,77.83
15-Aug-2005,78.39
16-Aug-2005,79.07
17-Aug-2005,79.776
18-Aug-2005,80.059
19-Aug-2005,78.983
20-Aug-2005,74.865
21-Aug-2005,65.152
22-Aug-2005,48.404
23-Aug-2005,31.054
24-Aug-2005,22.677
25-Aug-2005,20.604
26-Aug-2005,20.158
27-Aug-2005,20.02
28-Aug-2005,19.945
29-Aug-2005,19.89
30-Aug-2005,19.84
31-Aug-2005,19.79
01-Sep-2005,19.74
02-Sep-2005,19.691
03-Sep-2005,19.65
04-Sep-2005,19.608
05-Sep-2005,19.569
06-Sep-2005,19.53
07-Sep-2005,19.495
08-Sep-2005,19.461
09-Sep-2005,19.429
10-Sep-2005,19.395
11-Sep-2005,19.365
12-Sep-2005,19.334
13-Sep-2005,19.303
14-Sep-2005,19.272
15-Sep-2005,19.242
16-Sep-2005,19.213
17-Sep-2005,19.184
18-Sep-2005,19.155
19-Sep-2005,19.125
20-Sep-2005,19.095
21-Sep-2005,19.065
22-Sep-2005,19.038
23-Sep-2005,19.011
24-Sep-2005,18.985
25-Sep-2005,18.955
26-Sep-2005,18.925
27-Sep-2005,18.899
28-Sep-2005,18.874
29-Sep-2005,18.845
30-Sep-2005,18.815
01-Oct-2005,18.791
02-Oct-2005,18.765
03-Oct-2005,18.735
04-Oct-2005,18.709
05-Oct-2005,18.685
06-Oct-2005,18.655
07-Oct-2005,18.629
08-Oct-2005,18.605
09-Oct-2005,18.575
10-Oct-2005,18.552
11-Oct-2005,18.525
12-Oct-2005,18.496
13-Oct-2005,18.475
14-Oct-2005,18.445
15-Oct-2005,18.421
16-Oct-2005,18.395
17-Oct-2005,18.367
18-Oct-2005,18.345
19-Oct-2005,18.315
20-Oct-2005,18.294
21-Oct-2005,18.265
22-Oct-2005,18.242
23-Oct-2005,18.215
24-Oct-2005,18.188
25-Oct-2005,18.165
26-Oct-2005,18.137
27-Oct-2005,18.115
28-Oct-2005,18.087
29-Oct-2005,18.065
30-Oct-2005,18.036
31-Oct-2005,18.015
01-Nov-2005,17.986
02-Nov-2005,17.965
03-Nov-2005,17.937
04-Nov-2005,18.547
05-Nov-2005,19.446
06-Nov-2005,19.914
07-Nov-2005,19.917
08-Nov-2005,20.268
09-Nov-2005,20.982
10-Nov-2005,21.641
11-Nov-2005,21.891
12-Nov-2005,21.58
13-Nov-2005,21.121
14-Nov-2005,21.097
15-Nov-2005,21.611
16-Nov-2005,22.435
17-Nov-2005,23.343
18-Nov-2005,24.211
19-Nov-2005,24.968
20-Nov-2005,25.528
21-Nov-2005,25.776
22-Nov-2005,25.66
23-Nov-2005,25.309
24-Nov-2005,25.02
25-Nov-2005,25.056
26-Nov-2005,25.494
27-Nov-2005,26.261
28-Nov-2005,27.22
29-Nov-2005,28.164
30-Nov-2005,28.724
01-Dec-2005,28.238
02-Dec-2005,26.052
03-Dec-2005,22.612
04-Dec-2005,19.714
05-Dec-2005,18.427
06-Dec-2005,18.196
07-Dec-2005,18.211
08-Dec-2005,18.094
09-Dec-2005,17.933
10-Dec-2005,17.866
11-Dec-2005,17.895
12-Dec-2005,17.979
13-Dec-2005,18.126
14-Dec-2005,18.335
15-Dec-2005,18.544
16-Dec-2005,18.669
17-Dec-2005,18.636
18-Dec-2005,18.46
19-Dec-2005,18.218
20-Dec-2005,17.987
21-Dec-2005,17.794
22-Dec-2005,17.662
23-Dec-2005,17.61
24-Dec-2005,17.633
25-Dec-2005,17.695
26-Dec-2005,17.756
27-Dec-2005,17.826
28-Dec-2005,17.929
29-Dec-2005,18.041
30-Dec-2005,18.081
31-Dec-2005,17.96
01-Jan-2006,17.695
02-Jan-2006,17.382
03-Jan-2006,17.13
04-Jan-2006,16.968
05-Jan-2006,16.875
06-Jan-2006,16.813
07-Jan-2006,16.761
08-Jan-2006,16.713
09-Jan-2006,16.695
10-Jan-2006,16.77
11-Jan-2006,16.953
12-Jan-2006,17.118
13-Jan-2006,17.111
14-Jan-2006,17.017
15-Jan-2006,17.04
16-Jan-2006,17.293
17-Jan-2006,17.798
18-Jan-2006,18.514
19-Jan-2006,19.294
20-Jan-2006,19.955
21-Jan-2006,20.348
22-Jan-2006,20.389
23-Jan-2006,20.118
24-Jan-2006,19.67
25-Jan-2006,19.225
26-Jan-2006,18.93
27-Jan-2006,18.874
28-Jan-2006,19.118
29-Jan-2006,19.876
30-Jan-2006,20.75
31-Jan-2006,21.518
01-Feb-2006,22.497
02-Feb-2006,23.86
03-Feb-2006,25.139
04-Feb-2006,25.705
05-Feb-2006,25.154
06-Feb-2006,23.806
07-Feb-2006,22.623
08-Feb-2006,22.053
09-Feb-2006,21.875
10-Feb-2006,21.805
11-Feb-2006,21.736
12-Feb-2006,21.637
13-Feb-2006,21.472
14-Feb-2006,21.471
15-Feb-2006,21.788
16-Feb-2006,21.762
17-Feb-2006,21.559
18-Feb-2006,21.829
19-Feb-2006,22.437
20-Feb-2006,22.816
21-Feb-2006,22.494
22-Feb-2006,21.896
23-Feb-2006,22.117
24-Feb-2006,22.196
25-Feb-2006,22.491
26-Feb-2006,24.074
27-Feb-2006,26.419
28-Feb-2006,28.607
01-Mar-2006,30.314
02-Mar-2006,31.408
03-Mar-2006,31.81
04-Mar-2006,31.544
05-Mar-2006,30.876
06-Mar-2006,29.984
07-Mar-2006,29.03
08-Mar-2006,28.037
09-Mar-2006,26.873
10-Mar-2006,25.387
11-Mar-2006,23.869
12-Mar-2006,22.846
13-Mar-2006,22.491
14-Mar-2006,22.675
15-Mar-2006,23.248
16-Mar-2006,24.1
17-Mar-2006,25.17
18-Mar-2006,26.503
19-Mar-2006,28.065
20-Mar-2006,29.604
21-Mar-2006,30.614
22-Mar-2006,30.786
23-Mar-2006,30.466
24-Mar-2006,30.375
25-Mar-2006,30.866
26-Mar-2006,31.807
27-Mar-2006,32.972
28-Mar-2006,34.284
29-Mar-2006,35.724
30-Mar-2006,37.267
31-Mar-2006,38.845
01-Apr-2006,40.366
02-Apr-2006,41.711
03-Apr-2006,42.712
04-Apr-2006,43.285
05-Apr-2006,43.509
06-Apr-2006,43.591
07-Apr-2006,43.82
08-Apr-2006,44.467
09-Apr-2006,45.511
10-Apr-2006,46.622
11-Apr-2006,47.265
12-Apr-2006,47.085
13-Apr-2006,46.344
14-Apr-2006,45.833
15-Apr-2006,46.216
16-Apr-2006,47.495
17-Apr-2006,49.246
18-Apr-2006,51.167
19-Apr-2006,53.38
20-Apr-2006,56.129
21-Apr-2006,59.262
22-Apr-2006,62.271
23-Apr-2006,64.67
24-Apr-2006,66.074
25-Apr-2006,66.519
26-Apr-2006,66.452
27-Apr-2006,66.122
28-Apr-2006,65.318
29-Apr-2006,63.84
30-Apr-2006,62.253
01-May-2006,60.327
02-May-2006,59.115
03-May-2006,59.13
04-May-2006,61.059
05-May-2006,64.247
06-May-2006,68.079
07-May-2006,71.759
08-May-2006,74.682
09-May-2006,76.699
10-May-2006,78.04
11-May-2006,79.03
12-May-2006,80.186
13-May-2006,81.761
14-May-2006,83.869
15-May-2006,87.11
16-May-2006,91.249
17-May-2006,95.16
18-May-2006,98.418
19-May-2006,100.92
20-May-2006,103.531
21-May-2006,107.041
22-May-2006,111.671
23-May-2006,117.376
24-May-2006,123.72
25-May-2006,130.297
26-May-2006,136.651
27-May-2006,142.325
28-May-2006,146.935
29-May-2006,150.505
30-May-2006,153.26
31-May-2006,155.44
01-Jun-2006,157.516
02-Jun-2006,160.219
03-Jun-2006,163.664
04-Jun-2006,167.898
05-Jun-2006,172.765
06-Jun-2006,177.884
07-Jun-2006,183.13
08-Jun-2006,188.388
09-Jun-2006,193.561
10-Jun-2006,198.525
11-Jun-2006,203.12
12-Jun-2006,207.213
13-Jun-2006,210.77
14-Jun-2006,213.93
15-Jun-2006,216.63
16-Jun-2006,219.075
17-Jun-2006,221.419
18-Jun-2006,223.682
19-Jun-2006,225.869
20-Jun-2006,227.86
21-Jun-2006,229.546
22-Jun-2006,231.077
23-Jun-2006,232.714
24-Jun-2006,234.361
25-Jun-2006,235.652
26-Jun-2006,236.391
27-Jun-2006,236.437
28-Jun-2006,235.694
29-Jun-2006,234.323
30-Jun-2006,232.716
01-Jul-2006,231.345
02-Jul-2006,230.631
03-Jul-2006,230.777
04-Jul-2006,231.687
05-Jul-2006,232.851
06-Jul-2006,233.476
07-Jul-2006,232.752
08-Jul-2006,229.966
09-Jul-2006,224.62
10-Jul-2006,216.422
11-Jul-2006,205.376
12-Jul-2006,191.989
13-Jul-2006,177.487
14-Jul-2006,163.724
15-Jul-2006,152.372
16-Jul-2006,144.226
17-Jul-2006,139.176
18-Jul-2006,136.347
19-Jul-2006,134.636
20-Jul-2006,133.002
21-Jul-2006,130.556
22-Jul-2006,126.323
23-Jul-2006,118.564
24-Jul-2006,104.2
25-Jul-2006,80.804
26-Jul-2006,54.797
27-Jul-2006,40.135
28-Jul-2006,36.979
29-Jul-2006,38.186
30-Jul-2006,41.068
31-Jul-2006,44.687
01-Aug-2006,48.65
02-Aug-2006,52.792
03-Aug-2006,57.168
04-Aug-2006,61.585
05-Aug-2006,65.508
06-Aug-2006,68.214
07-Aug-2006,68.863
08-Aug-2006,66.8
09-Aug-2006,62.343
10-Aug-2006,57.197
11-Aug-2006,53.527
12-Aug-2006,52.28
13-Aug-2006,52.993
14-Aug-2006,54.758
15-Aug-2006,56.798
16-Aug-2006,58.462
17-Aug-2006,59.205
18-Aug-2006,58.652
19-Aug-2006,56.747
20-Aug-2006,53.852
21-Aug-2006,50.657
22-Aug-2006,47.95
23-Aug-2006,46.353
24-Aug-2006,45.874
25-Aug-2006,46.256
26-Aug-2006,47.21
27-Aug-2006,48.246
28-Aug-2006,48.32
29-Aug-2006,45.724
30-Aug-2006,39.537
31-Aug-2006,32.287
01-Sep-2006,28.307
02-Sep-2006,26.929
03-Sep-2006,25.931
04-Sep-2006,26.214
05-Sep-2006,28.179
06-Sep-2006,30.493
07-Sep-2006,32.369
08-Sep-2006,34.009
09-Sep-2006,35.69
10-Sep-2006,37.55
11-Sep-2006,39.302
12-Sep-2006,40.982
13-Sep-2006,42.744
14-Sep-2006,44.471
15-Sep-2006,46.854
16-Sep-2006,49.313
17-Sep-2006,51.44
18-Sep-2006,52.95
19-Sep-2006,54.783
20-Sep-2006,57.549
21-Sep-2006,61.25
22-Sep-2006,67.166
23-Sep-2006,73.248
24-Sep-2006,78.641
25-Sep-2006,82.339
26-Sep-2006,84.765
27-Sep-2006,87.408
28-Sep-2006,91.332
29-Sep-2006,96.467
30-Sep-2006,101.988
01-Oct-2006,106.639
02-Oct-2006,109.419
03-Oct-2006,109.868
04-Oct-2006,108.425
05-Oct-2006,106.369
06-Oct-2006,104.952
07-Oct-2006,104.893
08-Oct-2006,106.229
09-Oct-2006,108.545
10-Oct-2006,111.277
11-Oct-2006,114.033
12-Oct-2006,115.986
13-Oct-2006,116.971
14-Oct-2006,117.057
15-Oct-2006,116.574
16-Oct-2006,116.242
17-Oct-2006,115.865
18-Oct-2006,116.021
19-Oct-2006,115.771
20-Oct-2006,114.432
21-Oct-2006,112.023
22-Oct-2006,108.676
23-Oct-2006,105.768
24-Oct-2006,104.708
25-Oct-2006,105.87
26-Oct-2006,108.751
27-Oct-2006,112.574
28-Oct-2006,116.615
29-Oct-2006,120.263
30-Oct-2006,123.176
31-Oct-2006,125.46
01-Nov-2006,127.528
02-Nov-2006,129.847
03-Nov-2006,132.746
04-Nov-2006,136.367
05-Nov-2006,140.627
06-Nov-2006,145.383
07-Nov-2006,150.481
08-Nov-2006,155.772
09-Nov-2006,161.134
10-Nov-2006,166.458
11-Nov-2006,171.636
12-Nov-2006,176.568
13-Nov-2006,181.183
14-Nov-2006,185.452
15-Nov-2006,189.388
16-Nov-2006,193.052
17-Nov-2006,196.535
18-Nov-2006,199.905
19-Nov-2006,203.217
20-Nov-2006,206.453
21-Nov-2006,209.547
22-Nov-2006,212.383
23-Nov-2006,214.79
24-Nov-2006,216.557
25-Nov-2006,217.452
26-Nov-2006,217.217
27-Nov-2006,215.53
28-Nov-2006,211.879
29-Nov-2006,205.135
30-Nov-2006,192.628
01-Dec-2006,168.636
02-Dec-2006,124.829
03-Dec-2006,66.128
04-Dec-2006,30.912
05-Dec-2006,24.284
06-Dec-2006,23.619
07-Dec-2006,23.497
08-Dec-2006,23.433
09-Dec-2006,23.381
10-Dec-2006,23.345
11-Dec-2006,23.32
12-Dec-2006,23.316
13-Dec-2006,23.341
14-Dec-2006,23.411
15-Dec-2006,23.508
16-Dec-2006,23.58
17-Dec-2006,23.585
18-Dec-2006,23.528
19-Dec-2006,23.43
20-Dec-2006,23.338
21-Dec-2006,23.304
22-Dec-2006,23.354
23-Dec-2006,23.479
24-Dec-2006,23.627
25-Dec-2006,23.727
26-Dec-2006,23.714
27-Dec-2006,23.592
28-Dec-2006,23.408
29-Dec-2006,23.236
30-Dec-2006,23.125
31-Dec-2006,23.111
01-Jan-2007,23.226
02-Jan-2007,23.473
03-Jan-2007,23.82
04-Jan-2007,24.177
05-Jan-2007,24.415
06-Jan-2007,24.409
07-Jan-2007,24.123
08-Jan-2007,23.644
09-Jan-2007,23.145
10-Jan-2007,22.745
11-Jan-2007,22.478
12-Jan-2007,22.314
13-Jan-2007,22.211
14-Jan-2007,22.144
15-Jan-2007,22.09
16-Jan-2007,22.05
17-Jan-2007,22.011
18-Jan-2007,21.979
19-Jan-2007,21.943
20-Jan-2007,21.907
21-Jan-2007,21.868
22-Jan-2007,21.829
23-Jan-2007,21.79
24-Jan-2007,21.75
25-Jan-2007,21.714
26-Jan-2007,21.68
27-Jan-2007,21.643
28-Jan-2007,21.61
29-Jan-2007,21.575
30-Jan-2007,21.544
31-Jan-2007,21.51
01-Feb-2007,21.479
02-Feb-2007,21.446
03-Feb-2007,21.415
04-Feb-2007,21.385
05-Feb-2007,21.355
06-Feb-2007,21.335
07-Feb-2007,21.305
08-Feb-2007,21.29
09-Feb-2007,21.28
10-Feb-2007,21.28
11-Feb-2007,21.28
12-Feb-2007,21.28
13-Feb-2007,21.27
14-Feb-2007,21.28
15-Feb-2007,21.295
16-Feb-2007,21.327
17-Feb-2007,21.377
18-Feb-2007,21.447
19-Feb-2007,21.537
20-Feb-2007,21.658
21-Feb-2007,21.831
22-Feb-2007,22.073
23-Feb-2007,22.388
24-Feb-2007,22.733
25-Feb-2007,23.027
26-Feb-2007,23.199
27-Feb-2007,23.285
28-Feb-2007,23.431
01-Mar-2007,23.793
02-Mar-2007,24.419
03-Mar-2007,25.233
04-Mar-2007,26.025
05-Mar-2007,26.467
06-Mar-2007,26.185
07-Mar-2007,25.05
08-Mar-2007,23.456
09-Mar-2007,22.069
10-Mar-2007,21.209
11-Mar-2007,20.782
12-Mar-2007,20.588
13-Mar-2007,20.497
14-Mar-2007,20.449
15-Mar-2007,20.425
16-Mar-2007,20.443
17-Mar-2007,20.45
18-Mar-2007,20.464
19-Mar-2007,20.634
20-Mar-2007,21.106
21-Mar-2007,21.747
22-Mar-2007,22.341
23-Mar-2007,22.682
24-Mar-2007,22.891
25-Mar-2007,23.635
26-Mar-2007,25.335
27-Mar-2007,27.63
28-Mar-2007,29.932
29-Mar-2007,31.693
30-Mar-2007,32.666
31-Mar-2007,33.301
01-Apr-2007,34.29
02-Apr-2007,35.915
03-Apr-2007,38.043
04-Apr-2007,40.426
05-Apr-2007,42.808
06-Apr-2007,44.967
07-Apr-2007,46.89
08-Apr-2007,48.713
09-Apr-2007,50.439
10-Apr-2007,51.985
11-Apr-2007,53.4
12-Apr-2007,54.788
13-Apr-2007,56.087
14-Apr-2007,57.024
15-Apr-2007,57.25
16-Apr-2007,56.557
17-Apr-2007,55.313
18-Apr-2007,54.375
19-Apr-2007,54.342
20-Apr-2007,55.088
21-Apr-2007,56.141
22-Apr-2007,56.79
23-Apr-2007,56.474
24-Apr-2007,55.25
25-Apr-2007,53.688
26-Apr-2007,52.452
27-Apr-2007,52.115
28-Apr-2007,52.928
29-Apr-2007,54.735
30-Apr-2007,57.174
01-May-2007,60.132
02-May-2007,63.743
03-May-2007,67.699
04-May-2007,71.357
05-May-2007,74.227
06-May-2007,76.202
07-May-2007,77.43
08-May-2007,78.149
09-May-2007,78.381
10-May-2007,77.827
11-May-2007,75.839
12-May-2007,72.129
13-May-2007,67.465
14-May-2007,63.425
15-May-2007,61.109
16-May-2007,60.463
17-May-2007,60.859
18-May-2007,61.78
19-May-2007,62.955
20-May-2007,64.233
21-May-2007,65.489
22-May-2007,66.285
23-May-2007,65.841
24-May-2007,63.748
25-May-2007,60.399
26-May-2007,56.853
27-May-2007,54.132
28-May-2007,52.124
29-May-2007,49.684
30-May-2007,46.314
31-May-2007,42.871
01-Jun-2007,40.35
02-Jun-2007,38.831
03-Jun-2007,37.934
04-Jun-2007,37.443
05-Jun-2007,37.22
06-Jun-2007,37.312
07-Jun-2007,37.858
08-Jun-2007,38.359
09-Jun-2007,38.447
10-Jun-2007,37.985
11-Jun-2007,37.317
12-Jun-2007,37.044
13-Jun-2007,37.371
14-Jun-2007,38.111
15-Jun-2007,39.016
16-Jun-2007,39.8
17-Jun-2007,40.176
18-Jun-2007,40.041
19-Jun-2007,39.621
20-Jun-2007,39.396
21-Jun-2007,39.778
22-Jun-2007,40.847
23-Jun-2007,42.413
24-Jun-2007,44.297
25-Jun-2007,46.428
26-Jun-2007,48.402
27-Jun-2007,49.518
28-Jun-2007,49.392
29-Jun-2007,48.134
30-Jun-2007,46.418
01-Jul-2007,44.824
02-Jul-2007,43.351
03-Jul-2007,41.886
04-Jul-2007,40.609
05-Jul-2007,39.804
06-Jul-2007,39.627
07-Jul-2007,40.125
08-Jul-2007,41.232
09-Jul-2007,42.743
10-Jul-2007,44.364
11-Jul-2007,45.856
12-Jul-2007,47.064
13-Jul-2007,47.871
14-Jul-2007,48.129
15-Jul-2007,47.652
16-Jul-2007,46.328
17-Jul-2007,44.278
18-Jul-2007,43.568
19-Jul-2007,42.643
20-Jul-2007,41.491
21-Jul-2007,40.032
22-Jul-2007,39.232
23-Jul-2007,39.515
24-Jul-2007,39.788
25-Jul-2007,39.258
26-Jul-2007,37.176
27-Jul-2007,34.203
28-Jul-2007,32.019
29-Jul-2007,31.254
30-Jul-2007,31.776
31-Jul-2007,33.447
01-Aug-2007,35.858
02-Aug-2007,38.501
03-Aug-2007,40.74
04-Aug-2007,41.975
05-Aug-2007,42.102
06-Aug-2007,41.598
07-Aug-2007,41.077
08-Aug-2007,40.997
09-Aug-2007,41.357
10-Aug-2007,41.941
11-Aug-2007,42.605
12-Aug-2007,43.622
13-Aug-2007,45.289
14-Aug-2007,47.377
15-Aug-2007,49.414
16-Aug-2007,50.93
17-Aug-2007,51.768
18-Aug-2007,51.822
19-Aug-2007,51.002
20-Aug-2007,49.305
21-Aug-2007,46.873
22-Aug-2007,43.896
23-Aug-2007,40.269
24-Aug-2007,36.01
25-Aug-2007,31.8
26-Aug-2007,28.792
27-Aug-2007,27.239
28-Aug-2007,26.791
29-Aug-2007,26.956
30-Aug-2007,27.396
31-Aug-2007,28.33
01-Sep-2007,30.16
02-Sep-2007,31.882
03-Sep-2007,33.55
04-Sep-2007,35.77
05-Sep-2007,38.55
06-Sep-2007,41.068
07-Sep-2007,42.859
08-Sep-2007,44.115
09-Sep-2007,44.905
10-Sep-2007,45.311
11-Sep-2007,45.555
12-Sep-2007,45.296
13-Sep-2007,44.492
14-Sep-2007,44.138
15-Sep-2007,45.484
16-Sep-2007,48.68
17-Sep-2007,52.718
18-Sep-2007,56.866
19-Sep-2007,61.019
20-Sep-2007,65.597
21-Sep-2007,71.063
22-Sep-2007,76.796
23-Sep-2007,82.553
24-Sep-2007,88.081
25-Sep-2007,93.384
26-Sep-2007,98.566
27-Sep-2007,103.886
28-Sep-2007,109.313
29-Sep-2007,114.778
30-Sep-2007,120.342
01-Oct-2007,126.051
02-Oct-2007,131.646
03-Oct-2007,136.963
04-Oct-2007,142.245
05-Oct-2007,146.843
06-Oct-2007,150.898
07-Oct-2007,154.75
08-Oct-2007,158.484
09-Oct-2007,162.225
10-Oct-2007,166.045
11-Oct-2007,169.935
12-Oct-2007,173.825
13-Oct-2007,177.634
14-Oct-2007,181.212
15-Oct-2007,184.39
16-Oct-2007,187.021
17-Oct-2007,188.993
18-Oct-2007,190.281
19-Oct-2007,190.844
20-Oct-2007,190.399
21-Oct-2007,188.79
22-Oct-2007,185.6
23-Oct-2007,180.553
24-Oct-2007,173.397
25-Oct-2007,164.562
26-Oct-2007,154.672
27-Oct-2007,145.259
28-Oct-2007,137.424
29-Oct-2007,131.625
30-Oct-2007,127.783
31-Oct-2007,125.73
01-Nov-2007,125.31
02-Nov-2007,126.346
03-Nov-2007,128.716
04-Nov-2007,131.706
05-Nov-2007,134.634
06-Nov-2007,136.788
07-Nov-2007,137.704
08-Nov-2007,137.521
09-Nov-2007,136.92
10-Nov-2007,136.712
11-Nov-2007,137.425
12-Nov-2007,139.204
13-Nov-2007,141.966
14-Nov-2007,145.515
15-Nov-2007,149.632
16-Nov-2007,153.97
17-Nov-2007,158.158
18-Nov-2007,161.923
19-Nov-2007,165.127
20-Nov-2007,167.813
21-Nov-2007,170.187
22-Nov-2007,172.515
23-Nov-2007,175.019
24-Nov-2007,177.799
25-Nov-2007,180.79
26-Nov-2007,183.711
27-Nov-2007,186.073
28-Nov-2007,187.189
29-Nov-2007,186.229
30-Nov-2007,182.3
01-Dec-2007,174.556
02-Dec-2007,162.556
03-Dec-2007,145.783
04-Dec-2007,124.793
05-Dec-2007,101.241
06-Dec-2007,78.181
07-Dec-2007,59.506
08-Dec-2007,47.866
09-Dec-2007,42.811
10-Dec-2007,41.601
11-Dec-2007,41.722
12-Dec-2007,41.559
13-Dec-2007,40.553
14-Dec-2007,39.309
15-Dec-2007,38.684
16-Dec-2007,38.865
17-Dec-2007,39.505
18-Dec-2007,40.206
19-Dec-2007,40.736
20-Dec-2007,41.005
21-Dec-2007,40.914
22-Dec-2007,40.305
23-Dec-2007,39.028
24-Dec-2007,37.129
25-Dec-2007,34.936
26-Dec-2007,32.849
27-Dec-2007,30.968
28-Dec-2007,29.121
29-Dec-2007,27.218
30-Dec-2007,25.489
31-Dec-2007,NaN
01-Jan-2008,NaN
