date,discharge
1999-01-01,4.381
1999-01-02,4.349
1999-01-03,3.92
1999-01-04,3.889
1999-01-05,3.889
1999-01-06,3.889
1999-01-07,3.889
1999-01-08,3.86
1999-01-09,3.461
1999-01-10,3.433
1999-01-11,3.433
1999-01-12,3.433
1999-01-13,3.433
1999-01-14,3.406
1999-01-15,3.035
1999-01-16,3.009
1999-01-17,3.009
1999-01-18,3.009
1999-01-19,3.009
1999-01-20,3.009
1999-01-21,2.984
1999-01-22,2.642
1999-01-23,2.618
1999-01-24,2.618
1999-01-25,2.618
1999-01-26,2.618
1999-01-27,2.595
1999-01-28,2.281
1999-01-29,2.259
1999-01-30,2.259
1999-01-31,2.259
1999-02-01,2.259
1999-02-02,2.259
1999-02-03,2.259
1999-02-04,2.259
1999-02-05,2.238
1999-02-06,1.951
1999-02-07,1.931
1999-02-08,1.931
1999-02-09,1.931
1999-02-10,1.931
1999-02-11,1.931
1999-02-12,1.931
1999-02-13,1.931
1999-02-14,1.931
1999-02-15,1.931
1999-02-16,1.931
1999-02-17,1.931
1999-02-18,1.931
1999-02-19,2.456
1999-02-20,2.992
1999-02-21,3.009
1999-02-22,3.009
1999-02-23,3.026
1999-02-24,3.279
1999-02-25,3.424
1999-02-26,3.451
1999-02-27,3.724
1999-02-28,3.88
1999-03-01,3.88
1999-03-02,3.734
1999-03-03,3.581
1999-03-04,3.433
1999-03-05,3.288
1999-03-06,3.147
1999-03-07,3.009
1999-03-08,2.875
1999-03-09,2.745
1999-03-10,2.618
1999-03-11,2.495
1999-03-12,2.375
1999-03-13,2.252
1999-03-14,2.004
1999-03-15,1.731
1999-03-16,1.54
1999-03-17,1.456
1999-03-18,1.445
1999-03-19,1.369
1999-03-20,1.358
1999-03-21,1.285
1999-03-22,1.275
1999-03-23,1.205
1999-03-24,1.195
1999-03-25,1.128
1999-03-26,1.118
1999-03-27,1.053
1999-03-28,1.044
1999-03-29,0.982
1999-03-30,0.973
1999-03-31,0.913
1999-04-01,0.905
1999-04-02,0.848
1999-04-03,0.84
1999-04-04,0.785
1999-04-05,0.785
1999-04-06,0.844
1999-04-07,0.909
1999-04-08,0.977
1999-04-09,1.058
1999-04-10,1.281
1999-04-11,1.57
1999-04-12,1.861
1999-04-13,2.078
1999-04-14,2.37
1999-04-15,2.443
1999-04-16,2.224
1999-04-17,2.146
1999-04-18,2.139
1999-04-19,2.05
1999-04-20,3.126
1999-04-21,24.639
1999-04-22,25.759
1999-04-23,18.311
1999-04-24,15.27
1999-04-25,12.925
1999-04-26,9.935
1999-04-27,7.658
1999-04-28,6.502
1999-04-29,5.678
1999-04-30,5.277
1999-05-01,5.101
1999-05-02,5.078
1999-05-03,4.907
1999-05-04,4.727
1999-05-05,4.552
1999-05-06,4.318
1999-05-07,4.0
1999-05-08,3.821
1999-05-09,3.462
1999-05-10,3.397
1999-05-11,3.821
1999-05-12,5.429
1999-05-13,3.926
1999-05-14,3.498
1999-05-15,3.442
1999-05-16,3.581
1999-05-17,3.734
1999-05-18,3.89
1999-05-19,4.06
1999-05-20,4.566
1999-05-21,5.472
1999-05-22,6.712
1999-05-23,8.359
1999-05-24,10.508
1999-05-25,13.588
1999-05-26,17.812
1999-05-27,20.979
1999-05-28,21.708
1999-05-29,22.396
1999-05-30,22.396
1999-05-31,22.064
1999-06-01,22.873
1999-06-02,23.755
1999-06-03,24.219
1999-06-04,24.19
1999-06-05,22.848
1999-06-06,20.3
1999-06-07,18.255
1999-06-08,17.307
1999-06-09,15.854
1999-06-10,12.688
1999-06-11,10.408
1999-06-12,8.862
1999-06-13,7.844
1999-06-14,7.333
1999-06-15,8.636
1999-06-16,8.774
1999-06-17,8.166
1999-06-18,7.333
1999-06-19,7.189
1999-06-20,8.359
1999-06-21,10.508
1999-06-22,14.301
1999-06-23,23.157
1999-06-24,33.576
1999-06-25,39.699
1999-06-26,37.026
1999-06-27,32.98
1999-06-28,28.65
1999-06-29,24.266
1999-06-30,20.355
1999-07-01,18.75
1999-07-02,20.267
1999-07-03,22.429
1999-07-04,24.723
1999-07-05,27.085
1999-07-06,28.635
1999-07-07,30.01
1999-07-08,32.968
1999-07-09,35.691
1999-07-10,38.848
1999-07-11,41.68
1999-07-12,38.89
1999-07-13,35.149
1999-07-14,30.378
1999-07-15,28.345
1999-07-16,30.344
1999-07-17,35.534
1999-07-18,42.757
1999-07-19,47.361
1999-07-20,50.996
1999-07-21,56.273
1999-07-22,65.497
1999-07-23,77.446
1999-07-24,90.587
1999-07-25,100.312
1999-07-26,110.663
1999-07-27,130.487
1999-07-28,179.31
1999-07-29,218.555
1999-07-30,217.271
1999-07-31,248.163
1999-08-01,245.019
1999-08-02,236.284
1999-08-03,237.321
1999-08-04,259.259
1999-08-05,268.705
1999-08-06,271.495
1999-08-07,271.374
1999-08-08,264.496
1999-08-09,253.484
1999-08-10,239.896
1999-08-11,233.15
1999-08-12,239.781
1999-08-13,248.7
1999-08-14,256.291
1999-08-15,265.814
1999-08-16,275.418
1999-08-17,283.472
1999-08-18,291.666
1999-08-19,302.728
1999-08-20,318.167
1999-08-21,336.122
1999-08-22,352.518
1999-08-23,366.469
1999-08-24,381.048
1999-08-25,404.413
1999-08-26,441.21
1999-08-27,498.298
1999-08-28,523.152
1999-08-29,530.37
1999-08-30,550.722
1999-08-31,588.972
1999-09-01,633.39
1999-09-02,669.814
1999-09-03,717.204
1999-09-04,786.624
1999-09-05,833.327
1999-09-06,884.417
1999-09-07,770.065
1999-09-08,761.571
1999-09-09,756.443
1999-09-10,751.01
1999-09-11,741.457
1999-09-12,736.065
1999-09-13,731.003
1999-09-14,725.641
1999-09-15,717.156
1999-09-16,707.459
1999-09-17,698.75
1999-09-18,686.37
1999-09-19,676.742
1999-09-20,667.863
1999-09-21,661.166
1999-09-22,651.468
1999-09-23,641.825
1999-09-24,633.73
1999-09-25,620.337
1999-09-26,611.754
1999-09-27,603.811
1999-09-28,593.572
1999-09-29,589.495
1999-09-30,594.33
1999-10-01,578.65
1999-10-02,599.88
1999-10-03,612.45
1999-10-04,623.56
1999-10-05,688.29
1999-10-06,679.99
1999-10-07,689.44
1999-10-08,695.56
1999-10-09,744.88
1999-10-10,765.58
1999-10-11,786.49
1999-10-12,810.49
1999-10-13,851.103
1999-10-14,772.918
1999-10-15,745.339
1999-10-16,727.94
1999-10-17,720.752
1999-10-18,706.954
1999-10-19,689.471
1999-10-20,663.378
1999-10-21,617.462
1999-10-22,567.961
1999-10-23,496.494
1999-10-24,428.835
1999-10-25,369.421
1999-10-26,325.862
1999-10-27,297.19
1999-10-28,268.841
1999-10-29,230.112
1999-10-30,211.853
1999-10-31,196.229
1999-11-01,177.791
1999-11-02,161.38
1999-11-03,148.33
1999-11-04,137.186
1999-11-05,125.295
1999-11-06,118.536
1999-11-07,112.299
1999-11-08,106.883
1999-11-09,100.824
1999-11-10,92.042
1999-11-11,85.02
1999-11-12,80.071
1999-11-13,76.339
1999-11-14,72.767
1999-11-15,70.55
1999-11-16,66.623
1999-11-17,61.548
1999-11-18,56.263
1999-11-19,53.844
1999-11-20,51.627
1999-11-21,50.222
1999-11-22,50.132
1999-11-23,49.507
1999-11-24,49.153
1999-11-25,47.748
1999-11-26,45.6
1999-11-27,44.629
1999-11-28,43.716
1999-11-29,42.648
1999-11-30,41.999
1999-12-01,41.356
1999-12-02,40.719
1999-12-03,40.088
1999-12-04,39.462
1999-12-05,38.843
1999-12-06,38.229
1999-12-07,37.621
1999-12-08,37.019
1999-12-09,36.459
1999-12-10,36.2
1999-12-11,35.612
1999-12-12,35.029
1999-12-13,34.452
1999-12-14,33.88
1999-12-15,33.525
1999-12-16,33.314
1999-12-17,32.963
1999-12-18,32.928
1999-12-19,32.441
1999-12-20,32.371
1999-12-21,31.889
1999-12-22,31.821
1999-12-23,31.343
1999-12-24,31.275
1999-12-25,30.803
1999-12-26,30.769
1999-12-27,30.736
1999-12-28,30.268
1999-12-29,30.235
1999-12-30,30.202
1999-12-31,29.739
2000-01-01,29.673
2000-01-02,29.215
2000-01-03,29.15
2000-01-04,28.697
2000-01-05,28.632
2000-01-06,28.184
2000-01-07,28.12
2000-01-08,27.677
2000-01-09,27.614
2000-01-10,27.175
2000-01-11,27.112
2000-01-12,26.648
2000-01-13,26.157
2000-01-14,25.672
2000-01-15,25.014
2000-01-16,23.787
2000-01-17,22.399
2000-01-18,20.713
2000-01-19,19.435
2000-01-20,18.206
2000-01-21,16.243
2000-01-22,13.165
2000-01-23,11.649
2000-01-24,10.55
2000-01-25,9.377
2000-01-26,8.568
2000-01-27,7.859
2000-01-28,7.376
2000-01-29,6.921
2000-01-30,6.701
2000-01-31,6.581
2000-02-01,8.047
2000-02-02,9.345
2000-02-03,10.263
2000-02-04,10.851
2000-02-05,11.328
2000-02-06,11.608
2000-02-07,11.627
2000-02-08,11.627
2000-02-09,11.627
2000-02-10,11.627
2000-02-11,11.627
2000-02-12,11.741
2000-02-13,11.951
2000-02-14,12.202
2000-02-15,11.818
2000-02-16,11.346
2000-02-17,11.327
2000-02-18,11.346
2000-02-19,11.608
2000-02-20,11.627
2000-02-21,11.627
2000-02-22,11.627
2000-02-23,11.627
2000-02-24,11.627
2000-02-25,11.627
2000-02-26,11.627
2000-02-27,11.627
2000-02-28,11.608
2000-02-29,11.346
2000-03-01,11.327
2000-03-02,11.309
2000-03-03,11.033
2000-03-04,10.564
2000-03-05,9.9
2000-03-06,9.081
2000-03-07,8.088
2000-03-08,7.162
2000-03-09,6.462
2000-03-10,5.677
2000-03-11,5.219
2000-03-12,4.719
2000-03-13,4.163
2000-03-14,3.88
2000-03-15,3.526
2000-03-16,3.156
2000-03-17,2.959
2000-03-18,2.753
2000-03-19,2.737
2000-03-20,2.618
2000-03-21,2.488
2000-03-22,2.267
2000-03-23,2.146
2000-03-24,2.044
2000-03-25,2.03
2000-03-26,1.937
2000-03-27,1.924
2000-03-28,1.835
2000-03-29,1.822
2000-03-30,1.735
2000-03-31,1.729
2000-04-01,1.729
2000-04-02,1.735
2000-04-03,1.822
2000-04-04,1.828
2000-04-05,1.828
2000-04-06,1.828
2000-04-07,1.828
2000-04-08,1.822
2000-04-09,1.735
2000-04-10,1.729
2000-04-11,1.729
2000-04-12,1.735
2000-04-13,1.828
2000-04-14,1.938
2000-04-15,2.22
2000-04-16,3.377
2000-04-17,5.71
2000-04-18,5.85
2000-04-19,5.579
2000-04-20,5.255
2000-04-21,5.624
2000-04-22,3.89
2000-04-23,3.528
2000-04-24,4.692
2000-04-25,6.051
2000-04-26,7.149
2000-04-27,7.536
2000-04-28,6.49
2000-04-29,5.484
2000-04-30,4.73
2000-05-01,4.062
2000-05-02,3.743
2000-05-03,3.743
2000-05-04,3.91
2000-05-05,4.339
2000-05-06,4.042
2000-05-07,3.444
2000-05-08,3.061
2000-05-09,2.875
2000-05-10,2.745
2000-05-11,2.626
2000-05-12,2.634
2000-05-13,3.012
2000-05-14,3.574
2000-05-15,3.87
2000-05-16,3.667
2000-05-17,3.306
2000-05-18,3.297
2000-05-19,3.498
2000-05-20,3.87
2000-05-21,3.889
2000-05-22,3.889
2000-05-23,3.899
2000-05-24,4.049
2000-05-25,4.213
2000-05-26,4.381
2000-05-27,4.541
2000-05-28,4.434
2000-05-29,4.213
2000-05-30,4.07
2000-05-31,4.71
2000-06-01,5.866
2000-06-02,6.486
2000-06-03,7.526
2000-06-04,11.696
2000-06-05,15.176
2000-06-06,17.194
2000-06-07,19.004
2000-06-08,21.443
2000-06-09,26.074
2000-06-10,29.163
2000-06-11,31.859
2000-06-12,33.35
2000-06-13,31.381
2000-06-14,30.369
2000-06-15,31.142
2000-06-16,29.155
2000-06-17,27.269
2000-06-18,27.645
2000-06-19,29.396
2000-06-20,37.55
2000-06-21,47.287
2000-06-22,51.63
2000-06-23,54.405
2000-06-24,52.234
2000-06-25,47.062
2000-06-26,45.386
2000-06-27,48.302
2000-06-28,53.292
2000-06-29,47.215
2000-06-30,42.568
2000-07-01,50.218
2000-07-02,146.776
2000-07-03,107.389
2000-07-04,98.495
2000-07-05,80.432
2000-07-06,72.214
2000-07-07,68.431
2000-07-08,67.355
2000-07-09,65.817
2000-07-10,62.119
2000-07-11,54.625
2000-07-12,47.387
2000-07-13,43.06
2000-07-14,51.305
2000-07-15,70.866
2000-07-16,73.604
2000-07-17,75.421
2000-07-18,76.227
2000-07-19,70.067
2000-07-20,65.137
2000-07-21,63.219
2000-07-22,60.576
2000-07-23,58.444
2000-07-24,56.931
2000-07-25,56.021
2000-07-26,53.1
2000-07-27,50.988
2000-07-28,50.943
2000-07-29,52.36
2000-07-30,54.643
2000-07-31,58.657
2000-08-01,67.292
2000-08-02,76.114
2000-08-03,80.011
2000-08-04,81.852
2000-08-05,81.016
2000-08-06,79.713
2000-08-07,77.897
2000-08-08,77.085
2000-08-09,81.78
2000-08-10,100.056
2000-08-11,110.295
2000-08-12,118.546
2000-08-13,126.526
2000-08-14,134.034
2000-08-15,152.292
2000-08-16,199.447
2000-08-17,252.281
2000-08-18,271.019
2000-08-19,275.534
2000-08-20,282.493
2000-08-21,302.547
2000-08-22,350.722
2000-08-23,390.456
2000-08-24,429.57
2000-08-25,452.713
2000-08-26,457.338
2000-08-27,454.029
2000-08-28,446.964
2000-08-29,436.565
2000-08-30,421.251
2000-08-31,400.257
2000-09-01,376.746
2000-09-02,358.956
2000-09-03,345.031
2000-09-04,328.734
2000-09-05,302.103
2000-09-06,282.735
2000-09-07,276.026
2000-09-08,279.236
2000-09-09,279.731
2000-09-10,298.641
2000-09-11,352.048
2000-09-12,402.705
2000-09-13,399.758
2000-09-14,391.993
2000-09-15,389.721
2000-09-16,403.802
2000-09-17,431.608
2000-09-18,462.75
2000-09-19,498.666
2000-09-20,542.636
2000-09-21,559.998
2000-09-22,583.118
2000-09-23,607.34
2000-09-24,630.342
2000-09-25,633.344
2000-09-26,620.572
2000-09-27,595.071
2000-09-28,555.96
2000-09-29,516.626
2000-09-30,499.23
2000-10-01,506.261
2000-10-02,526.942
2000-10-03,498.967
2000-10-04,454.936
2000-10-05,419.744
2000-10-06,391.854
2000-10-07,375.258
2000-10-08,363.883
2000-10-09,340.484
2000-10-10,312.966
2000-10-11,311.153
2000-10-12,340.625
2000-10-13,368.096
2000-10-14,387.768
2000-10-15,379.844
2000-10-16,362.476
2000-10-17,331.737
2000-10-18,306.272
2000-10-19,285.75
2000-10-20,268.263
2000-10-21,252.773
2000-10-22,243.992
2000-10-23,233.064
2000-10-24,216.857
2000-10-25,198.557
2000-10-26,181.119
2000-10-27,164.96
2000-10-28,153.582
2000-10-29,145.032
2000-10-30,135.63
2000-10-31,128.708
2000-11-01,121.022
2000-11-02,113.826
2000-11-03,106.961
2000-11-04,100.282
2000-11-05,93.395
2000-11-06,88.484
2000-11-07,82.949
2000-11-08,77.158
2000-11-09,71.104
2000-11-10,67.951
2000-11-11,63.28
2000-11-12,58.407
2000-11-13,53.893
2000-11-14,50.635
2000-11-15,46.677
2000-11-16,43.592
2000-11-17,42.688
2000-11-18,42.566
2000-11-19,40.762
2000-11-20,39.23
2000-11-21,37.624
2000-11-22,36.164
2000-11-23,34.168
2000-11-24,32.965
2000-11-25,32.165
2000-11-26,31.309
2000-11-27,30.769
2000-11-28,30.235
2000-11-29,29.379
2000-11-30,28.665
2000-12-01,28.152
2000-12-02,27.645
2000-12-03,26.958
2000-12-04,26.157
2000-12-05,25.672
2000-12-06,25.192
2000-12-07,24.717
2000-12-08,24.277
2000-12-09,24.219
2000-12-10,23.784
2000-12-11,23.354
2000-12-12,23.297
2000-12-13,22.872
2000-12-14,22.424
2000-12-15,21.708
2000-12-16,20.818
2000-12-17,19.717
2000-12-18,18.876
2000-12-19,17.839
2000-12-20,17.068
2000-12-21,16.323
2000-12-22,15.458
2000-12-23,14.538
2000-12-24,13.856
2000-12-25,13.319
2000-12-26,12.754
2000-12-27,11.934
2000-12-28,11.328
2000-12-29,11.051
2000-12-30,11.014
2001-01-01,10.474
2001-01-02,10.438
2001-01-03,10.192
2001-01-04,10.157
2001-01-05,9.796
2001-01-06,8.986
2001-01-07,7.95
2001-01-08,7.607
2001-01-09,7.148
2001-01-10,6.621
2001-01-11,6.196
2001-01-12,5.863
2001-01-13,5.676
2001-01-14,5.651
2001-01-15,5.468
2001-01-16,5.289
2001-01-17,5.265
2001-01-18,5.101
2001-01-19,5.078
2001-01-20,4.907
2001-01-21,4.727
2001-01-22,4.488
2001-01-23,4.152
2001-01-24,3.89
2001-01-25,3.734
2001-01-26,3.581
2001-01-27,3.388
2001-01-28,3.191
2001-01-29,3.009
2001-01-30,2.875
2001-01-31,2.745
2001-02-01,2.572
2001-02-02,2.375
2001-02-03,2.259
2001-02-04,2.153
2001-02-05,2.146
2001-02-06,2.139
2001-02-07,2.044
2001-02-08,2.037
2001-02-09,2.037
2001-02-10,2.03
2001-02-11,1.937
2001-02-12,1.931
2001-02-13,1.924
2001-02-14,1.835
2001-02-15,1.828
2001-02-16,1.828
2001-02-17,1.828
2001-02-18,1.822
2001-02-19,1.735
2001-02-20,1.723
2001-02-21,1.633
2001-02-22,1.54
2001-02-23,1.45
2001-02-24,1.364
2001-02-25,1.296
2001-02-26,1.479
2001-02-27,1.627
2001-02-28,1.627
2001-03-01,1.546
2001-03-02,1.54
2001-03-03,1.54
2001-03-04,1.534
2001-03-05,1.456
2001-03-06,1.45
2001-03-07,1.445
2001-03-08,1.333
2001-03-09,1.2
2001-03-10,1.123
2001-03-11,1.026
2001-03-12,0.931
2001-03-13,0.856
2001-03-14,1.14
2001-03-15,1.61
2001-03-16,1.627
2001-03-17,1.546
2001-03-18,1.54
2001-03-19,1.54
2001-03-20,1.54
2001-03-21,1.534
2001-03-22,1.365
2001-03-23,1.129
2001-03-24,1.022
2001-03-25,0.931
2001-03-26,0.821
2001-03-27,0.704
2001-03-28,0.661
2001-03-29,0.614
2001-03-30,0.611
2001-03-31,0.607
2001-04-01,0.559
2001-04-02,0.51
2001-04-03,0.448
2001-04-04,0.385
2001-04-05,0.472
2001-04-06,0.862
2001-04-07,1.343
2001-04-08,1.369
2001-04-09,1.484
2001-04-10,1.627
2001-04-11,1.627
2001-04-12,1.54
2001-04-13,1.45
2001-04-14,1.272
2001-04-15,1.0
2001-04-16,1.234
2001-04-17,1.435
2001-04-18,1.197
2001-04-19,0.915
2001-04-20,0.781
2001-04-21,0.741
2001-04-22,1.203
2001-04-23,2.021
2001-04-24,2.546
2001-04-25,3.366
2001-04-26,5.426
2001-04-27,6.621
2001-04-28,6.057
2001-04-29,5.038
2001-04-30,4.216
2001-05-01,3.584
2001-05-02,3.779
2001-05-03,6.43
2001-05-04,14.092
2001-05-05,15.235
2001-05-06,15.751
2001-05-07,17.46
2001-05-08,19.436
2001-05-09,20.446
2001-05-10,20.316
2001-05-11,21.084
2001-05-12,21.057
2001-05-13,19.848
2001-05-14,17.847
2001-05-15,15.733
2001-05-16,14.073
2001-05-17,12.232
2001-05-18,10.6
2001-05-19,10.175
2001-05-20,9.796
2001-05-21,8.828
2001-05-22,8.4
2001-05-23,11.693
2001-05-24,17.87
2001-05-25,16.332
2001-05-26,13.684
2001-05-27,11.935
2001-05-28,12.632
2001-05-29,23.037
2001-05-30,36.637
2001-05-31,39.433
2001-06-01,39.056
2001-06-02,31.221
2001-06-03,23.816
2001-06-04,19.549
2001-06-05,19.771
2001-06-06,23.704
2001-06-07,26.389
2001-06-08,30.249
2001-06-09,37.089
2001-06-10,62.49
2001-06-11,105.712
2001-06-12,108.696
2001-06-13,90.939
2001-06-14,66.305
2001-06-15,51.926
2001-06-16,43.275
2001-06-17,35.353
2001-06-18,30.322
2001-06-19,24.808
2001-06-20,21.627
2001-06-21,24.597
2001-06-22,30.315
2001-06-23,40.74
2001-06-24,48.477
2001-06-25,58.432
2001-06-26,64.562
2001-06-27,65.252
2001-06-28,72.971
2001-06-29,83.638
2001-06-30,91.224
2001-07-01,83.065
2001-07-02,78.194
2001-07-03,71.901
2001-07-04,66.249
2001-07-05,60.89
2001-07-06,56.888
2001-07-07,53.892
2001-07-08,51.809
2001-07-09,55.773
2001-07-10,65.669
2001-07-11,77.6
2001-07-12,87.348
2001-07-13,96.995
2001-07-14,100.266
2001-07-15,101.282
2001-07-16,99.193
2001-07-17,95.017
2001-07-18,90.883
2001-07-19,87.912
2001-07-20,86.915
2001-07-21,87.538
2001-07-22,89.168
2001-07-23,91.074
2001-07-24,95.936
2001-07-25,98.654
2001-07-26,101.283
2001-07-27,101.011
2001-07-28,99.929
2001-07-29,98.854
2001-07-30,96.991
2001-07-31,94.034
2001-08-01,92.996
2001-08-02,100.52
2001-08-03,136.914
2001-08-04,155.401
2001-08-05,149.376
2001-08-06,134.772
2001-08-07,126.362
2001-08-08,132.594
2001-08-09,145.252
2001-08-10,158.306
2001-08-11,154.787
2001-08-12,150.542
2001-08-13,146.11
2001-08-14,146.119
2001-08-15,156.118
2001-08-16,166.132
2001-08-17,171.82
2001-08-18,169.049
2001-08-19,160.737
2001-08-20,149.355
2001-08-21,142.592
2001-08-22,140.022
2001-08-23,146.255
2001-08-24,167.052
2001-08-25,189.253
2001-08-26,196.697
2001-08-27,198.51
2001-08-28,196.897
2001-08-29,198.114
2001-08-30,206.828
2001-08-31,218.64
2001-09-01,236.585
2001-09-02,263.584
2001-09-03,284.128
2001-09-04,304.194
2001-09-05,331.777
2001-09-06,358.245
2001-09-07,374.824
2001-09-08,386.715
2001-09-09,394.269
2001-09-10,409.207
2001-09-11,425.349
2001-09-12,419.177
2001-09-13,416.346
2001-09-14,413.996
2001-09-15,409.485
2001-09-16,400.525
2001-09-17,392.899
2001-09-18,392.747
2001-09-19,404.888
2001-09-20,425.509
2001-09-21,422.969
2001-09-22,420.123
2001-09-23,424.713
2001-09-24,423.606
2001-09-25,410.9
2001-09-26,386.913
2001-09-27,361.285
2001-09-28,340.442
2001-09-29,314.658
2001-09-30,282.914
2001-10-01,258.457
2001-10-02,244.787
2001-10-03,242.385
2001-10-04,237.898
2001-10-05,219.508
2001-10-06,211.823
2001-10-07,208.269
2001-10-08,199.043
2001-10-09,186.805
2001-10-10,174.371
2001-10-11,159.498
2001-10-12,146.636
2001-10-13,138.147
2001-10-14,130.759
2001-10-15,122.085
2001-10-16,112.741
2001-10-17,104.732
2001-10-18,97.202
2001-10-19,91.526
2001-10-20,85.878
2001-10-21,81.021
2001-10-22,77.32
2001-10-23,74.455
2001-10-24,70.992
2001-10-25,68.27
2001-10-26,64.93
2001-10-27,61.637
2001-10-28,58.156
2001-10-29,54.13
2001-10-30,50.19
2001-10-31,45.91
2001-11-01,40.736
2001-11-02,35.884
2001-11-03,31.869
2001-11-04,28.166
2001-11-05,25.051
2001-11-06,22.876
2001-11-07,21.382
2001-11-08,20.132
2001-11-09,19.281
2001-11-10,18.501
2001-11-11,18.081
2001-11-12,17.571
2001-11-13,17.092
2001-11-14,16.809
2001-11-15,16.32
2001-11-16,15.953
2001-11-17,15.592
2001-11-18,15.235
2001-11-19,14.883
2001-11-20,14.536
2001-11-21,14.194
2001-11-22,13.877
2001-11-23,13.835
2001-11-24,13.544
2001-11-25,13.298
2001-11-26,12.873
2001-11-27,12.243
2001-11-28,11.312
2001-11-29,10.195
2001-11-30,9.509
2001-12-01,8.6
2001-12-02,7.846
2001-12-03,7.148
2001-12-04,6.567
2001-12-05,6.196
2001-12-06,5.666
2001-12-07,5.092
2001-12-08,4.554
2001-12-09,4.111
2001-12-10,3.899
2001-12-11,3.889
2001-12-12,3.889
2001-12-13,3.889
2001-12-14,3.88
2001-12-15,3.743
2001-12-16,3.733
2001-12-17,3.724
2001-12-18,3.591
2001-12-19,3.572
2001-12-20,3.442
2001-12-21,3.424
2001-12-22,3.297
2001-12-23,3.279
2001-12-24,3.155
2001-12-25,3.104
2001-12-26,2.976
2001-12-27,2.843
2001-12-28,2.713
2001-12-29,2.626
2001-12-30,2.61
2001-12-31,2.503
2002-01-01,12.309
2002-01-02,12.266
2002-01-03,12.02
2002-01-04,11.979
2002-01-05,11.531
2002-01-06,10.715
2002-01-07,9.679
2002-01-08,9.336
2002-01-09,8.877
2002-01-10,8.344
2002-01-11,7.835
2002-01-12,7.496
2002-01-13,7.309
2002-01-14,7.284
2002-01-15,7.101
2002-01-16,6.922
2002-01-17,6.898
2002-01-18,6.734
2002-01-19,6.711
2002-01-20,6.54
2002-01-21,6.36
2002-01-22,6.115
2002-01-23,5.698
2002-01-24,5.43
2002-01-25,5.274
2002-01-26,5.121
2002-01-27,4.928
2002-01-28,4.731
2002-01-29,4.549
2002-01-30,4.415
2002-01-31,4.279
2002-02-01,0.722
2002-02-02,0.722
2002-02-03,0.718
2002-02-04,0.665
2002-02-05,0.611
2002-02-06,0.562
2002-02-07,0.556
2002-02-08,0.513
2002-02-09,0.507
2002-02-10,0.451
2002-02-11,0.421
2002-02-12,0.418
2002-02-13,0.382
2002-02-14,0.355
2002-02-15,0.339
2002-02-16,0.307
2002-02-17,0.305
2002-02-18,0.327
2002-02-19,0.341
2002-02-20,0.365
2002-02-21,0.379
2002-02-22,0.395
2002-02-23,0.423
2002-02-24,0.479
2002-02-25,0.51
2002-02-26,0.532
2002-02-27,0.611
2002-02-28,0.665
2002-03-01,0.718
2002-03-02,0.722
2002-03-03,0.763
2002-03-04,0.84
2002-03-05,0.844
2002-03-06,0.844
2002-03-07,0.868
2002-03-08,0.913
2002-03-09,0.973
2002-03-10,0.977
2002-03-11,0.982
2002-03-12,1.053
2002-03-13,1.19
2002-03-14,1.205
2002-03-15,1.275
2002-03-16,1.28
2002-03-17,1.285
2002-03-18,1.364
2002-03-19,1.439
2002-03-20,1.369
2002-03-21,1.364
2002-03-22,1.358
2002-03-23,1.285
2002-03-24,1.275
2002-03-25,1.205
2002-03-26,1.2
2002-03-27,1.2
2002-03-28,1.195
2002-03-29,1.128
2002-03-30,1.123
2002-03-31,1.123
2002-04-01,1.123
2002-04-02,1.123
2002-04-03,1.123
2002-04-04,1.128
2002-04-05,1.2
2002-04-06,1.28
2002-04-07,1.493
2002-04-08,1.816
2002-04-09,1.946
2002-04-10,2.386
2002-04-11,3.315
2002-04-12,4.512
2002-04-13,4.716
2002-04-14,4.372
2002-04-15,3.736
2002-04-16,3.315
2002-04-17,3.424
2002-04-18,3.424
2002-04-19,3.306
2002-04-20,3.433
2002-04-21,3.639
2002-04-22,3.95
2002-04-23,4.297
2002-04-24,4.203
2002-04-25,3.823
2002-04-26,3.306
2002-04-27,3.147
2002-04-28,3.009
2002-04-29,2.827
2002-04-30,3.462
2002-05-01,24.384
2002-05-02,46.53
2002-05-03,52.893
2002-05-04,52.411
2002-05-05,35.719
2002-05-06,22.646
2002-05-07,13.964
2002-05-08,10.809
2002-05-09,9.643
2002-05-10,9.408
2002-05-11,10.961
2002-05-12,15.288
2002-05-13,16.742
2002-05-14,15.26
2002-05-15,12.508
2002-05-16,8.196
2002-05-17,7.16
2002-05-18,6.853
2002-05-19,6.553
2002-05-20,6.068
2002-05-21,5.47
2002-05-22,4.909
2002-05-23,4.383
2002-05-24,3.95
2002-05-25,3.734
2002-05-26,3.526
2002-05-27,3.008
2002-05-28,2.526
2002-05-29,3.198
2002-05-30,4.711
2002-05-31,5.568
2002-06-01,5.268
2002-06-02,4.389
2002-06-03,3.743
2002-06-04,3.581
2002-06-05,3.29
2002-06-06,3.078
2002-06-07,3.288
2002-06-08,3.489
2002-06-09,3.923
2002-06-10,6.974
2002-06-11,15.269
2002-06-12,19.578
2002-06-13,17.62
2002-06-14,20.532
2002-06-15,23.1
2002-06-16,19.172
2002-06-17,14.314
2002-06-18,13.278
2002-06-19,15.282
2002-06-20,20.2
2002-06-21,27.666
2002-06-22,34.127
2002-06-23,40.754
2002-06-24,45.559
2002-06-25,43.101
2002-06-26,47.672
2002-06-27,45.722
2002-06-28,46.603
2002-06-29,60.646
2002-06-30,57.281
2002-07-01,54.358
2002-07-02,52.406
2002-07-03,52.406
2002-07-04,55.606
2002-07-05,65.045
2002-07-06,74.059
2002-07-07,71.559
2002-07-08,61.793
2002-07-09,55.541
2002-07-10,55.019
2002-07-11,52.323
2002-07-12,48.064
2002-07-13,44.467
2002-07-14,42.165
2002-07-15,40.288
2002-07-16,38.729
2002-07-17,41.614
2002-07-18,47.174
2002-07-19,53.016
2002-07-20,56.068
2002-07-21,57.223
2002-07-22,61.155
2002-07-23,69.47
2002-07-24,81.486
2002-07-25,92.563
2002-07-26,94.882
2002-07-27,90.768
2002-07-28,82.955
2002-07-29,73.768
2002-07-30,66.623
2002-07-31,66.662
2002-08-01,87.038
2002-08-02,131.441
2002-08-03,142.52
2002-08-04,150.465
2002-08-05,164.433
2002-08-06,212.13
2002-08-07,245.942
2002-08-08,252.952
2002-08-09,285.509
2002-08-10,307.566
2002-08-11,270.497
2002-08-12,232.835
2002-08-13,207.702
2002-08-14,182.256
2002-08-15,174.342
2002-08-16,171.171
2002-08-17,169.137
2002-08-18,167.668
2002-08-19,162.52
2002-08-20,149.88
2002-08-21,141.843
2002-08-22,140.605
2002-08-23,164.862
2002-08-24,199.199
2002-08-25,225.745
2002-08-26,268.242
2002-08-27,371.152
2002-08-28,466.304
2002-08-29,467.867
2002-08-30,419.41
2002-08-31,370.831
2002-09-01,345.73
2002-09-02,342.776
2002-09-03,334.169
2002-09-04,336.669
2002-09-05,349.101
2002-09-06,355.077
2002-09-07,367.929
2002-09-08,381.787
2002-09-09,384.469
2002-09-10,363.336
2002-09-11,340.563
2002-09-12,310.684
2002-09-13,253.41
2002-09-14,232.166
2002-09-15,242.73
2002-09-16,232.689
2002-09-17,207.011
2002-09-18,194.287
2002-09-19,207.334
2002-09-20,246.073
2002-09-21,294.441
2002-09-22,309.646
2002-09-23,305.715
2002-09-24,289.083
2002-09-25,275.179
2002-09-26,261.539
2002-09-27,229.946
2002-09-28,199.115
2002-09-29,174.458
2002-09-30,159.196
2002-10-01,153.828
2002-10-02,161.109
2002-10-03,171.635
2002-10-04,169.049
2002-10-05,163.4
2002-10-06,159.014
2002-10-07,154.787
2002-10-08,150.542
2002-10-09,146.955
2002-10-10,154.56
2002-10-11,167.597
2002-10-12,174.622
2002-10-13,169.7
2002-10-14,163.4
2002-10-15,156.56
2002-10-16,144.816
2002-10-17,129.974
2002-10-18,125.059
2002-10-19,101.187
2002-10-20,98.44
2002-10-21,91.223
2002-10-22,82.659
2002-10-23,75.379
2002-10-24,67.444
2002-10-25,58.861
2002-10-26,52.386
2002-10-27,45.887
2002-10-28,37.539
2002-10-29,27.955
2002-10-30,23.541
2002-10-31,21.519
2002-11-01,19.395
2002-11-02,16.744
2002-11-03,15.26
2002-11-04,14.536
2002-11-05,14.215
2002-11-06,14.193
2002-11-07,14.172
2002-11-08,13.877
2002-11-09,13.856
2002-11-10,13.877
2002-11-11,13.795
2002-11-12,13.692
2002-11-13,12.913
2002-11-14,12.833
2002-11-15,11.935
2002-11-16,10.728
2002-11-17,9.395
2002-11-18,8.568
2002-11-19,7.859
2002-11-20,7.52
2002-11-21,7.062
2002-11-22,6.488
2002-11-23,5.939
2002-11-24,5.663
2002-11-25,5.468
2002-11-26,5.277
2002-11-27,5.09
2002-11-28,4.729
2002-11-29,4.215
2002-11-30,3.899
2002-12-01,3.889
2002-12-02,3.88
2002-12-03,3.743
2002-12-04,3.724
2002-12-05,3.591
2002-12-06,3.572
2002-12-07,3.442
2002-12-08,3.424
2002-12-09,3.288
2002-12-10,3.155
2002-12-11,3.138
2002-12-12,3.018
2002-12-13,3.001
2002-12-14,2.884
2002-12-15,2.867
2002-12-16,2.753
2002-12-17,2.737
2002-12-18,2.626
2002-12-19,2.61
2002-12-20,2.503
2002-12-21,2.495
2002-12-22,2.487
2002-12-23,2.383
2002-12-24,2.368
2002-12-25,2.266
2002-12-26,2.252
2002-12-27,2.153
2002-12-28,2.139
2002-12-29,2.044
2002-12-30,2.03
2002-12-31,1.931
2003-01-01,1.835
2003-01-02,1.828
2003-01-03,1.828
2003-01-04,1.822
2003-01-05,1.735
2003-01-06,1.729
2003-01-07,1.729
2003-01-08,1.729
2003-01-09,1.729
2003-01-10,1.723
2003-01-11,1.639
2003-01-12,1.633
2003-01-13,1.633
2003-01-14,1.633
2003-01-15,1.633
2003-01-16,1.633
2003-01-17,1.633
2003-01-18,1.633
2003-01-19,1.633
2003-01-20,1.633
2003-01-21,1.633
2003-01-22,1.627
2003-01-23,1.546
2003-01-24,1.54
2003-01-25,1.54
2003-01-26,1.54
2003-01-27,1.54
2003-01-28,1.54
2003-01-29,1.54
2003-01-30,1.54
2003-01-31,1.534
2003-02-01,1.456
2003-02-02,1.45
2003-02-03,1.45
2003-02-04,1.45
2003-02-05,1.445
2003-02-06,1.369
2003-02-07,1.364
2003-02-08,1.364
2003-02-09,1.364
2003-02-10,1.364
2003-02-11,1.364
2003-02-12,1.364
2003-02-13,1.374
2003-02-14,1.529
2003-02-15,1.54
2003-02-16,1.54
2003-02-17,1.54
2003-02-18,1.54
2003-02-19,1.54
2003-02-20,1.534
2003-02-21,1.456
2003-02-22,1.45
2003-02-23,1.45
2003-02-24,1.45
2003-02-25,1.45
2003-02-26,1.445
2003-02-27,1.369
2003-02-28,1.364
2003-03-01,1.364
2003-03-02,1.364
2003-03-03,1.364
2003-03-04,1.364
2003-03-05,1.348
2003-03-06,1.137
2003-03-07,1.123
2003-03-08,1.123
2003-03-09,1.123
2003-03-10,1.118
2003-03-11,1.053
2003-03-12,1.044
2003-03-13,0.982
2003-03-14,0.973
2003-03-15,0.913
2003-03-16,0.905
2003-03-17,0.848
2003-03-18,0.84
2003-03-19,0.781
2003-03-20,0.725
2003-03-21,0.722
2003-03-22,0.722
2003-03-23,0.772
2003-03-24,1.575
2003-03-25,1.729
2003-03-26,1.828
2003-03-27,1.931
2003-03-28,2.037
2003-03-29,2.146
2003-03-30,2.267
2003-03-31,2.495
2003-04-01,2.745
2003-04-02,3.001
2003-04-03,3.147
2003-04-04,3.288
2003-04-05,3.433
2003-04-06,3.591
2003-04-07,3.9
2003-04-08,4.339
2003-04-09,4.213
2003-04-10,4.049
2003-04-11,3.89
2003-04-12,3.734
2003-04-13,3.572
2003-04-14,3.219
2003-04-15,3.0
2003-04-16,2.722
2003-04-17,2.495
2003-04-18,2.375
2003-04-19,2.259
2003-04-20,2.146
2003-04-21,2.044
2003-04-22,2.03
2003-04-23,1.937
2003-04-24,1.924
2003-04-25,1.835
2003-04-26,1.822
2003-04-27,1.735
2003-04-28,1.729
2003-04-29,1.729
2003-04-30,1.729
2003-05-01,1.735
2003-05-02,1.828
2003-05-03,1.931
2003-05-04,2.044
2003-05-05,2.26
2003-05-06,2.488
2003-05-07,2.747
2003-05-08,3.222
2003-05-09,3.86
2003-05-10,3.889
2003-05-11,3.909
2003-05-12,4.383
2003-05-13,5.093
2003-05-14,6.102
2003-05-15,7.841
2003-05-16,9.659
2003-05-17,14.252
2003-05-18,18.645
2003-05-19,22.664
2003-05-20,24.718
2003-05-21,25.612
2003-05-22,25.672
2003-05-23,25.612
2003-05-24,24.252
2003-05-25,22.374
2003-05-26,19.902
2003-05-27,18.207
2003-05-28,16.37
2003-05-29,15.614
2003-05-30,15.592
2003-05-31,17.833
2003-06-01,58.485
2003-06-02,67.533
2003-06-03,73.952
2003-06-04,75.418
2003-06-05,75.304
2003-06-06,73.605
2003-06-07,69.962
2003-06-08,63.74
2003-06-09,60.829
2003-06-10,58.444
2003-06-11,56.931
2003-06-12,56.835
2003-06-13,56.161
2003-06-14,56.065
2003-06-15,55.397
2003-06-16,55.35
2003-06-17,55.35
2003-06-18,55.302
2003-06-19,54.592
2003-06-20,53.888
2003-06-21,53.794
2003-06-22,53.142
2003-06-23,53.236
2003-06-24,57.049
2003-06-25,65.653
2003-06-26,82.417
2003-06-27,97.655
2003-06-28,95.082
2003-06-29,92.868
2003-06-30,88.866
2003-07-01,83.909
2003-07-02,80.188
2003-07-03,79.065
2003-07-04,78.246
2003-07-05,78.187
2003-07-06,78.481
2003-07-07,87.887
2003-07-08,108.801
2003-07-09,128.449
2003-07-10,131.06
2003-07-11,130.901
2003-07-12,134.745
2003-07-13,139.693
2003-07-14,140.022
2003-07-15,145.197
2003-07-16,154.646
2003-07-17,169.742
2003-07-18,183.299
2003-07-19,202.432
2003-07-20,231.862
2003-07-21,239.663
2003-07-22,245.246
2003-07-23,250.436
2003-07-24,250.436
2003-07-25,226.752
2003-07-26,199.513
2003-07-27,172.719
2003-07-28,155.335
2003-07-29,145.282
2003-07-30,139.858
2003-07-31,134.666
2003-08-01,125.54
2003-08-02,117.5
2003-08-03,115.127
2003-08-04,119.894
2003-08-05,131.178
2003-08-06,142.527
2003-08-07,154.296
2003-08-08,164.952
2003-08-09,179.7
2003-08-10,202.661
2003-08-11,244.054
2003-08-12,299.657
2003-08-13,338.735
2003-08-14,363.573
2003-08-15,391.374
2003-08-16,436.902
2003-08-17,487.265
2003-08-18,530.276
2003-08-19,577.11
2003-08-20,628.145
2003-08-21,708.037
2003-08-22,787.33
2003-08-23,865.482
2003-08-24,905.806
2003-08-25,659.848
2003-08-26,765.512
2003-08-27,715.898
2003-08-28,674.065
2003-08-29,681.651
2003-08-30,699.828
2003-08-31,764.662
2003-09-01,790.268
2003-09-02,724.136
2003-09-03,819.607
2003-09-04,990.098
2003-09-05,988.68
2003-09-06,994.902
2003-09-07,812.195
2003-09-08,825.093
2003-09-09,823.044
2003-09-10,805.306
2003-09-11,785.604
2003-09-12,747.396
2003-09-13,714.449
2003-09-14,699.536
2003-09-15,698.948
2003-09-16,697.044
2003-09-17,674.443
2003-09-18,621.066
2003-09-19,568.784
2003-09-20,539.61
2003-09-21,515.104
2003-09-22,552.761
2003-09-23,646.937
2003-09-24,785.22
2003-09-25,776.21
2003-09-26,755.24
2003-09-27,789.22
2003-09-28,788.44
2003-09-29,764.11
2003-09-30,766.19
2003-10-01,782.16
2003-10-02,792.14
2003-10-03,788.21
2003-10-04,782.34
2003-10-05,781.33
2003-10-06,795.22
2003-10-07,781.66
2003-10-08,821.46
2003-10-09,833.21
2003-10-10,849.66
2003-10-11,850.553
2003-10-12,765.897
2003-10-13,699.167
2003-10-14,667.924
2003-10-15,597.244
2003-10-16,562.096
2003-10-17,708.775
2003-10-18,563.579
2003-10-19,480.944
2003-10-20,423.848
2003-10-21,375.118
2003-10-22,334.553
2003-10-23,301.224
2003-10-24,273.285
2003-10-25,249.34
2003-10-26,232.545
2003-10-27,213.649
2003-10-28,192.858
2003-10-29,172.165
2003-10-30,159.748
2003-10-31,145.155
2003-11-01,108.698
2003-11-02,96.894
2003-11-03,88.077
2003-11-04,78.621
2003-11-05,73.662
2003-11-06,69.962
2003-11-07,63.385
2003-11-08,59.332
2003-11-09,58.392
2003-11-10,57.659
2003-11-11,56.883
2003-11-12,55.4
2003-11-13,54.545
2003-11-14,53.841
2003-11-15,52.36
2003-11-16,50.18
2003-11-17,47.753
2003-11-18,44.634
2003-11-19,42.689
2003-11-20,41.959
2003-11-21,40.092
2003-11-22,37.662
2003-11-23,36.385
2003-11-24,34.671
2003-11-25,32.444
2003-11-26,31.309
2003-11-27,30.803
2003-11-28,30.769
2003-11-29,30.736
2003-11-30,30.268
2003-12-01,30.235
2003-12-02,30.202
2003-12-03,29.739
2003-12-04,29.673
2003-12-05,29.215
2003-12-06,29.15
2003-12-07,28.697
2003-12-08,28.632
2003-12-09,28.184
2003-12-10,28.12
2003-12-11,27.645
2003-12-12,27.144
2003-12-13,26.648
2003-12-14,26.157
2003-12-15,25.672
2003-12-16,24.691
2003-12-17,22.876
2003-12-18,21.274
2003-12-19,20.288
2003-12-20,19.845
2003-12-21,19.433
2003-12-22,19.026
2003-12-23,18.624
2003-12-24,17.839
2003-12-25,17.068
2003-12-26,16.715
2003-12-27,16.692
2003-12-28,16.668
2003-12-29,16.343
2003-12-30,16.297
2003-12-31,15.976
2004-01-01,15.953
2004-01-02,15.953
2004-01-03,15.931
2004-01-04,15.614
2004-01-05,15.592
2004-01-06,15.569
2004-01-07,15.257
2004-01-08,15.213
2004-01-09,14.905
2004-01-10,14.861
2004-01-11,14.557
2004-01-12,14.514
2004-01-13,14.194
2004-01-14,13.835
2004-01-15,13.196
2004-01-16,12.516
2004-01-17,11.312
2004-01-18,9.885
2004-01-19,8.396
2004-01-20,7.844
2004-01-21,7.36
2004-01-22,6.729
2004-01-23,6.485
2004-01-24,6.274
2004-01-25,6.066
2004-01-26,5.863
2004-01-27,5.676
2004-01-28,5.651
2004-01-29,5.468
2004-01-30,5.277
2004-01-31,5.09
2004-02-01,4.907
2004-02-02,4.738
2004-02-03,4.727
2004-02-04,4.716
2004-02-05,4.563
2004-02-06,4.552
2004-02-07,4.552
2004-02-08,4.541
2004-02-09,4.391
2004-02-10,4.381
2004-02-11,4.381
2004-02-12,4.381
2004-02-13,4.37
2004-02-14,4.223
2004-02-15,4.213
2004-02-16,4.213
2004-02-17,4.213
2004-02-18,4.213
2004-02-19,4.203
2004-02-20,4.06
2004-02-21,4.049
2004-02-22,4.049
2004-02-23,4.049
2004-02-24,4.049
2004-02-25,4.039
2004-02-26,3.899
2004-02-27,3.889
2004-02-28,3.889
2004-02-29,3.889
2004-03-01,3.889
2004-03-02,3.889
2004-03-03,3.889
2004-03-04,3.889
2004-03-05,3.899
2004-03-06,4.039
2004-03-07,4.049
2004-03-08,4.049
2004-03-09,4.049
2004-03-10,4.049
2004-03-11,4.049
2004-03-12,4.039
2004-03-13,3.899
2004-03-14,3.889
2004-03-15,3.88
2004-03-16,3.743
2004-03-17,3.733
2004-03-18,3.733
2004-03-19,3.733
2004-03-20,3.724
2004-03-21,3.591
2004-03-22,3.581
2004-03-23,3.581
2004-03-24,3.581
2004-03-25,3.572
2004-03-26,3.442
2004-03-27,3.433
2004-03-28,3.433
2004-03-29,3.433
2004-03-30,3.442
2004-03-31,3.572
2004-04-01,3.971
2004-04-02,6.187
2004-04-03,11.376
2004-04-04,14.442
2004-04-05,12.648
2004-04-06,10.857
2004-04-07,9.531
2004-04-08,8.334
2004-04-09,7.377
2004-04-10,6.514
2004-04-11,6.707
2004-04-12,7.05
2004-04-13,5.372
2004-04-14,4.906
2004-04-15,4.895
2004-04-16,4.738
2004-04-17,4.784
2004-04-18,6.135
2004-04-19,7.808
2004-04-20,8.209
2004-04-21,7.622
2004-04-22,7.374
2004-04-23,7.16
2004-04-24,7.16
2004-04-25,7.639
2004-04-26,9.106
2004-04-27,10.386
2004-04-28,9.884
2004-04-29,8.918
2004-04-30,10.472
2004-05-01,12.946
2004-05-02,16.138
2004-05-03,20.419
2004-05-04,24.583
2004-05-05,25.612
2004-05-06,23.74
2004-05-07,20.277
2004-05-08,17.083
2004-05-09,14.248
2004-05-10,12.25
2004-05-11,10.691
2004-05-12,9.9
2004-05-13,9.408
2004-05-14,10.447
2004-05-15,11.668
2004-05-16,13.179
2004-05-17,14.848
2004-05-18,15.569
2004-05-19,14.82
2004-05-20,14.579
2004-05-21,15.988
2004-05-22,18.663
2004-05-23,22.221
2004-05-24,25.082
2004-05-25,28.681
2004-05-26,32.272
2004-05-27,32.651
2004-05-28,29.209
2004-05-29,25.916
2004-05-30,24.895
2004-05-31,24.248
2004-06-01,23.3
2004-06-02,21.601
2004-06-03,21.084
2004-06-04,20.264
2004-06-05,19.004
2004-06-06,17.453
2004-06-07,15.957
2004-06-08,14.539
2004-06-09,13.565
2004-06-10,13.523
2004-06-11,13.503
2004-06-12,16.195
2004-06-13,12.893
2004-06-14,12.852
2004-06-15,12.574
2004-06-16,12.554
2004-06-17,12.534
2004-06-18,12.26
2004-06-19,12.24
2004-06-20,12.28
2004-06-21,13.534
2004-06-22,15.602
2004-06-23,17.898
2004-06-24,21.265
2004-06-25,24.792
2004-06-26,29.202
2004-06-27,34.076
2004-06-28,38.78
2004-06-29,41.718
2004-06-30,43.264
2004-07-01,43.963
2004-07-02,43.921
2004-07-03,42.853
2004-07-04,39.718
2004-07-05,36.798
2004-07-06,34.35
2004-07-07,32.409
2004-07-08,31.006
2004-07-09,30.736
2004-07-10,30.235
2004-07-11,30.984
2004-07-12,38.122
2004-07-13,43.307
2004-07-14,45.985
2004-07-15,49.567
2004-07-16,55.856
2004-07-17,62.994
2004-07-18,70.196
2004-07-19,78.738
2004-07-20,86.885
2004-07-21,94.963
2004-07-22,101.502
2004-07-23,109.224
2004-07-24,117.281
2004-07-25,123.517
2004-07-26,124.739
2004-07-27,128.39
2004-07-28,135.795
2004-07-29,140.273
2004-07-30,150.566
2004-07-31,163.975
2004-08-01,182.881
2004-08-02,204.576
2004-08-03,205.057
2004-08-04,199.526
2004-08-05,204.652
2004-08-06,214.255
2004-08-07,221.972
2004-08-08,231.048
2004-08-09,246.667
2004-08-10,272.678
2004-08-11,293.724
2004-08-12,307.941
2004-08-13,322.889
2004-08-14,347.798
2004-08-15,386.719
2004-08-16,413.848
2004-08-17,415.409
2004-08-18,389.982
2004-08-19,358.221
2004-08-20,332.244
2004-08-21,327.59
2004-08-22,339.801
2004-08-23,363.492
2004-08-24,405.992
2004-08-25,446.368
2004-08-26,489.283
2004-08-27,575.405
2004-08-28,622.913
2004-08-29,680.9
2004-08-30,693.912
2004-08-31,712.79
2004-09-01,759.632
2004-09-02,774.69
2004-09-03,739.231
2004-09-04,699.899
2004-09-05,683.349
2004-09-06,675.168
2004-09-07,662.11
2004-09-08,627.409
2004-09-09,575.372
2004-09-10,538.604
2004-09-11,511.566
2004-09-12,497.349
2004-09-13,467.569
2004-09-14,434.24
2004-09-15,434.975
2004-09-16,442.41
2004-09-17,423.628
2004-09-18,415.588
2004-09-19,389.439
2004-09-20,374.533
2004-09-21,350.866
2004-09-22,310.702
2004-09-23,283.984
2004-09-24,277.877
2004-09-25,266.203
2004-09-26,245.177
2004-09-27,222.03
2004-09-28,194.279
2004-09-29,162.288
2004-09-30,128.017
2004-10-01,119.729
2004-10-02,116.896
2004-10-03,112.662
2004-10-04,106.476
2004-10-05,100.405
2004-10-06,97.39
2004-10-07,93.908
2004-10-08,89.619
2004-10-09,82.281
2004-10-10,79.478
2004-10-11,76.861
2004-10-12,73.101
2004-10-13,70.556
2004-10-14,66.983
2004-10-15,65.764
2004-10-16,64.925
2004-10-17,63.835
2004-10-18,63.318
2004-10-19,64.094
2004-10-20,57.093
2004-10-21,47.708
2004-10-22,44.007
2004-10-23,40.884
2004-10-24,37.601
2004-10-25,34.279
2004-10-26,32.063
2004-10-27,30.57
2004-10-28,29.183
2004-10-29,28.059
2004-10-30,25.495
2004-10-31,24.954
2004-11-01,27.072
2004-11-02,32.214
2004-11-03,32.828
2004-11-04,29.777
2004-11-05,28.894
2004-11-06,29.057
2004-11-07,30.37
2004-11-08,32.79
2004-11-09,31.73
2004-11-10,28.475
2004-11-11,26.652
2004-11-12,25.163
2004-11-13,23.358
2004-11-14,22.04
2004-11-15,24.462
2004-11-16,20.85
2004-11-17,18.857
2004-11-18,17.072
2004-11-19,15.796
2004-11-20,14.974
2004-11-21,13.279
2004-11-22,12.714
2004-11-23,12.067
2004-11-24,11.328
2004-11-25,10.617
2004-11-26,10.054
2004-11-27,9.745
2004-11-28,9.226
2004-11-29,8.836
2004-11-30,8.613
2004-12-01,8.692
2004-12-02,8.41
2004-12-03,7.535
2004-12-04,7.36
2004-12-05,7.146
2004-12-06,6.921
2004-12-07,6.811
2004-12-08,6.701
2004-12-09,6.485
2004-12-10,6.274
2004-12-11,6.17
2004-12-12,6.066
2004-12-13,5.863
2004-12-14,5.763
2004-12-15,5.763
2004-12-16,5.676
2004-12-17,5.651
2004-12-18,5.48
2004-12-19,5.468
2004-12-20,5.456
2004-12-21,5.289
2004-12-22,5.277
2004-12-23,5.183
2004-12-24,5.09
2004-12-25,5.078
2004-12-26,4.918
2004-12-27,4.895
2004-12-28,4.738
2004-12-29,4.716
2004-12-30,4.563
2005-01-01,4.504
2005-01-02,4.441
2005-01-03,4.379
2005-01-04,4.317
2005-01-05,4.256
2005-01-06,4.196
2005-01-07,4.137
2005-01-08,4.078
2005-01-09,4.02
2005-01-10,3.963
2005-01-11,3.906
2005-01-12,3.85
2005-01-13,3.795
2005-01-14,3.741
2005-01-15,3.687
2005-01-16,3.633
2005-01-17,3.581
2005-01-18,3.529
2005-01-19,3.477
2005-01-20,3.427
2005-01-21,3.376
2005-01-22,3.327
2005-01-23,3.278
2005-01-24,3.23
2005-01-25,3.182
2005-01-26,3.148
2005-01-27,3.138
2005-01-28,3.018
2005-01-29,3.009
2005-01-30,3.009
2005-01-31,3.009
2005-02-01,3.009
2005-02-02,3.009
2005-02-03,3.009
2005-02-04,3.009
2005-02-05,3.009
2005-02-06,2.925
2005-02-07,2.875
2005-02-08,2.875
2005-02-09,2.875
2005-02-10,2.875
2005-02-11,2.867
2005-02-12,2.745
2005-02-13,2.626
2005-02-14,2.61
2005-02-15,2.495
2005-02-16,2.383
2005-02-17,2.368
2005-02-18,2.266
2005-02-19,2.259
2005-02-20,2.259
2005-02-21,2.259
2005-02-22,2.252
2005-02-23,2.153
2005-02-24,2.139
2005-02-25,2.044
2005-02-26,2.037
2005-02-27,2.03
2005-02-28,1.964
2005-03-01,2.291
2005-03-02,1.992
2005-03-03,2.21
2005-03-04,2.146
2005-03-05,2.139
2005-03-06,2.037
2005-03-07,1.984
2005-03-08,1.937
2005-03-09,1.931
2005-03-10,1.931
2005-03-11,1.924
2005-03-12,1.779
2005-03-13,1.498
2005-03-14,1.414
2005-03-15,1.529
2005-03-16,1.297
2005-03-17,1.196
2005-03-18,1.123
2005-03-19,1.123
2005-03-20,1.123
2005-03-21,1.123
2005-03-22,1.123
2005-03-23,1.086
2005-03-24,1.017
2005-03-25,0.974
2005-03-26,1.015
2005-03-27,1.086
2005-03-28,1.049
2005-03-29,1.049
2005-03-30,1.049
2005-03-31,1.009
2005-04-01,0.978
2005-04-02,1.017
2005-04-03,1.086
2005-04-04,1.118
2005-04-05,1.09
2005-04-06,1.123
2005-04-07,1.118
2005-04-08,1.087
2005-04-09,1.594
2005-04-10,1.633
2005-04-11,1.681
2005-04-12,1.681
2005-04-13,1.633
2005-04-14,1.621
2005-04-15,1.456
2005-04-16,1.364
2005-04-17,1.24
2005-04-18,1.09
2005-04-19,1.072
2005-04-20,1.509
2005-04-21,1.557
2005-04-22,1.705
2005-04-23,1.899
2005-04-24,2.039
2005-04-25,1.822
2005-04-26,2.417
2005-04-27,13.043
2005-04-28,15.06
2005-04-29,11.564
2005-04-30,9.769
2005-05-01,8.582
2005-05-02,8.692
2005-05-03,9.832
2005-05-04,6.061
2005-05-05,5.868
2005-05-06,5.727
2005-05-07,5.793
2005-05-08,7.809
2005-05-09,10.287
2005-05-10,18.296
2005-05-11,18.711
2005-05-12,16.741
2005-05-13,16.343
2005-05-14,16.645
2005-05-15,16.529
2005-05-16,16.668
2005-05-17,16.137
2005-05-18,15.284
2005-05-19,12.222
2005-05-20,10.621
2005-05-21,9.748
2005-05-22,8.807
2005-05-23,7.639
2005-05-24,6.709
2005-05-25,6.066
2005-05-26,5.763
2005-05-27,5.48
2005-05-28,5.278
2005-05-29,5.078
2005-05-30,4.918
2005-05-31,5.62
2005-06-01,6.007
2005-06-02,7.328
2005-06-03,9.864
2005-06-04,11.802
2005-06-05,13.739
2005-06-06,17.237
2005-06-07,20.61
2005-06-08,22.009
2005-06-09,23.24
2005-06-10,22.906
2005-06-11,27.335
2005-06-12,32.136
2005-06-13,31.617
2005-06-14,29.943
2005-06-15,27.68
2005-06-16,26.1
2005-06-17,24.781
2005-06-18,29.14
2005-06-19,32.066
2005-06-20,27.405
2005-06-21,22.324
2005-06-22,20.5
2005-06-23,18.79
2005-06-24,17.272
2005-06-25,23.722
2005-06-26,26.56
2005-06-27,29.809
2005-06-28,31.935
2005-06-29,34.452
2005-06-30,32.139
2005-07-01,30.136
2005-07-02,31.379
2005-07-03,33.707
2005-07-04,31.248
2005-07-05,40.9
2005-07-06,46.109
2005-07-07,45.179
2005-07-08,49.387
2005-07-09,55.397
2005-07-10,54.971
2005-07-11,54.216
2005-07-12,53.608
2005-07-13,55.208
2005-07-14,56.649
2005-07-15,59.926
2005-07-16,62.716
2005-07-17,63.629
2005-07-18,67.679
2005-07-19,67.735
2005-07-20,63.945
2005-07-21,59.777
2005-07-22,58.491
2005-07-23,56.457
2005-07-24,53.516
2005-07-25,53.67
2005-07-26,63.194
2005-07-27,71.192
2005-07-28,87.906
2005-07-29,100.291
2005-07-30,106.864
2005-07-31,117.168
2005-08-01,81.776
2005-08-02,72.997
2005-08-03,64.319
2005-08-04,55.366
2005-08-05,48.378
2005-08-06,43.154
2005-08-07,52.475
2005-08-08,59.68
2005-08-09,62.041
2005-08-10,64.093
2005-08-11,66.561
2005-08-12,68.374
2005-08-13,70.826
2005-08-14,71.872
2005-08-15,72.764
2005-08-16,75.25
2005-08-17,76.975
2005-08-18,80.304
2005-08-19,80.724
2005-08-20,83.969
2005-08-21,87.791
2005-08-22,88.98
2005-08-23,91.328
2005-08-24,95.017
2005-08-25,99.261
2005-08-26,102.649
2005-08-27,108.372
2005-08-28,122.841
2005-08-29,147.084
2005-08-30,154.971
2005-08-31,142.786
2005-09-01,128.134
2005-09-02,175.655
2005-09-03,266.956
2005-09-04,295.735
2005-09-05,369.659
2005-09-06,396.401
2005-09-07,412.007
2005-09-08,417.612
2005-09-09,398.084
2005-09-10,387.955
2005-09-11,364.384
2005-09-12,345.158
2005-09-13,332.696
2005-09-14,320.558
2005-09-15,312.949
2005-09-16,296.489
2005-09-17,277.506
2005-09-18,276.888
2005-09-19,276.157
2005-09-20,270.036
2005-09-21,276.167
2005-09-22,274.934
2005-09-23,286.107
2005-09-24,282.968
2005-09-25,285.219
2005-09-26,284.467
2005-09-27,287.263
2005-09-28,314.563
2005-09-29,296.754
2005-09-30,277.753
2005-10-01,283.101
2005-10-02,267.084
2005-10-03,254.426
2005-10-04,262.244
2005-10-05,279.365
2005-10-06,275.049
2005-10-07,281.239
2005-10-08,281.381
2005-10-09,257.282
2005-10-10,229.283
2005-10-11,190.241
2005-10-12,171.912
2005-10-13,166.891
2005-10-14,146.381
2005-10-15,119.843
2005-10-16,119.89
2005-10-17,112.037
2005-10-18,101.804
2005-10-19,89.842
2005-10-20,78.232
2005-10-21,68.823
2005-10-22,61.704
2005-10-23,55.744
2005-10-24,50.282
2005-10-25,47.751
2005-10-26,43.021
2005-10-27,42.647
2005-10-28,42.647
2005-10-29,42.647
2005-10-30,42.647
2005-10-31,42.574
2005-11-01,40.921
2005-11-02,38.711
2005-11-03,36.611
2005-11-04,34.616
2005-11-05,32.721
2005-11-06,30.921
2005-11-07,29.211
2005-11-08,27.588
2005-11-09,26.047
2005-11-10,24.584
2005-11-11,23.196
2005-11-12,21.879
2005-11-13,20.63
2005-11-14,19.445
2005-11-15,18.321
2005-11-16,17.256
2005-11-17,16.247
2005-11-18,15.29
2005-11-19,14.384
2005-11-20,13.526
2005-11-21,12.713
2005-11-22,11.944
2005-11-23,11.216
2005-11-24,10.527
2005-11-25,9.876
2005-11-26,9.26
2005-11-27,8.677
2005-11-28,8.127
2005-11-29,7.608
2005-11-30,7.117
2005-12-01,6.654
2005-12-02,6.217
2005-12-03,5.805
2005-12-04,5.416
2005-12-05,5.05
2005-12-06,4.705
2005-12-07,4.38
2005-12-08,4.074
2005-12-09,3.786
2005-12-10,3.58
2005-12-11,3.433
2005-12-12,3.152
2005-12-13,2.042
2005-12-14,1.828
2005-12-15,1.729
2005-12-16,1.681
2005-12-17,1.681
2005-12-18,1.633
2005-12-19,1.54
2005-12-20,1.456
2005-12-21,1.904
2005-12-22,2.317
2005-12-23,2.259
2005-12-24,2.259
2005-12-25,2.203
2005-12-26,2.146
2005-12-27,2.091
2005-12-28,2.037
2005-12-29,2.037
2005-12-30,2.037
2005-12-31,2.037
2006-01-01,2.03
2006-01-02,1.937
2006-01-03,1.924
2006-01-04,1.835
2006-01-05,1.828
2006-01-06,1.828
2006-01-07,1.828
2006-01-08,1.828
2006-01-09,1.822
2006-01-10,1.735
2006-01-11,1.729
2006-01-12,1.729
2006-01-13,1.723
2006-01-14,1.639
2006-01-15,1.633
2006-01-16,1.633
2006-01-17,1.633
2006-01-18,1.633
2006-01-19,1.633
2006-01-20,1.627
2006-01-21,1.546
2006-01-22,1.54
2006-01-23,1.54
2006-01-24,1.54
2006-01-25,1.54
2006-01-26,1.54
2006-01-27,1.54
2006-01-28,1.54
2006-01-29,1.54
2006-01-30,1.54
2006-01-31,1.534
2006-02-01,1.456
2006-02-02,1.45
2006-02-03,1.45
2006-02-04,1.45
2006-02-05,1.45
2006-02-06,1.45
2006-02-07,1.45
2006-02-08,1.445
2006-02-09,1.369
2006-02-10,1.358
2006-02-11,1.285
2006-02-12,1.28
2006-02-13,1.28
2006-02-14,1.28
2006-02-15,1.28
2006-02-16,1.28
2006-02-17,1.28
2006-02-18,1.28
2006-02-19,1.28
2006-02-20,1.28
2006-02-21,1.285
2006-02-22,1.358
2006-02-23,1.364
2006-02-24,1.364
2006-02-25,1.364
2006-02-26,1.364
2006-02-27,1.364
2006-02-28,1.364
2006-03-01,1.374
2006-03-02,1.529
2006-03-03,1.5
2006-03-04,1.534
2006-03-05,1.54
2006-03-06,1.546
2006-03-07,1.627
2006-03-08,1.633
2006-03-09,1.645
2006-03-10,1.81
2006-03-11,1.735
2006-03-12,1.723
2006-03-13,1.639
2006-03-14,1.633
2006-03-15,1.586
2006-03-16,1.54
2006-03-17,1.54
2006-03-18,1.495
2006-03-19,1.407
2006-03-20,1.364
2006-03-21,1.364
2006-03-22,1.281
2006-03-23,1.2
2006-03-24,1.161
2006-03-25,1.086
2006-03-26,1.049
2006-03-27,1.044
2006-03-28,1.017
2006-03-29,1.049
2006-03-30,1.013
2006-03-31,0.965
2006-04-01,0.793
2006-04-02,0.781
2006-04-03,0.781
2006-04-04,0.759
2006-04-05,0.722
2006-04-06,0.722
2006-04-07,0.725
2006-04-08,0.777
2006-04-09,0.781
2006-04-10,0.805
2006-04-11,0.848
2006-04-12,0.905
2006-04-13,0.909
2006-04-14,0.909
2006-04-15,0.913
2006-04-16,0.926
2006-04-17,0.848
2006-04-18,0.84
2006-04-19,0.797
2006-04-20,0.96
2006-04-21,0.909
2006-04-22,0.844
2006-04-23,0.785
2006-04-24,0.781
2006-04-25,0.847
2006-04-26,1.443
2006-04-27,2.459
2006-04-28,2.5
2006-04-29,2.447
2006-04-30,3.001
2006-05-01,3.426
2006-05-02,3.892
2006-05-03,4.318
2006-05-04,4.331
2006-05-05,3.436
2006-05-06,3.279
2006-05-07,3.164
2006-05-08,3.316
2006-05-09,3.931
2006-05-10,3.611
2006-05-11,3.667
2006-05-12,3.733
2006-05-13,3.831
2006-05-14,3.889
2006-05-15,3.96
2006-05-16,4.32
2006-05-17,5.452
2006-05-18,5.692
2006-05-19,5.566
2006-05-20,5.366
2006-05-21,6.425
2006-05-22,7.581
2006-05-23,8.239
2006-05-24,8.456
2006-05-25,8.101
2006-05-26,9.481
2006-05-27,11.943
2006-05-28,14.271
2006-05-29,15.414
2006-05-30,16.578
2006-05-31,17.843
2006-06-01,14.477
2006-06-02,12.263
2006-06-03,12.897
2006-06-04,15.759
2006-06-05,19.953
2006-06-06,19.85
2006-06-07,17.935
2006-06-08,17.836
2006-06-09,18.087
2006-06-10,22.97
2006-06-11,27.246
2006-06-12,33.631
2006-06-13,40.592
2006-06-14,47.387
2006-06-15,54.196
2006-06-16,61.603
2006-06-17,68.339
2006-06-18,76.725
2006-06-19,87.272
2006-06-20,95.417
2006-06-21,114.751
2006-06-22,131.462
2006-06-23,132.569
2006-06-24,131.307
2006-06-25,117.636
2006-06-26,96.7
2006-06-27,88.249
2006-06-28,81.033
2006-06-29,74.524
2006-06-30,67.356
2006-07-01,40.803
2006-07-02,41.448
2006-07-03,45.479
2006-07-04,47.836
2006-07-05,49.555
2006-07-06,52.362
2006-07-07,54.641
2006-07-08,51.909
2006-07-09,48.014
2006-07-10,48.758
2006-07-11,52.183
2006-07-12,50.955
2006-07-13,47.925
2006-07-14,49.072
2006-07-15,53.809
2006-07-16,58.454
2006-07-17,62.296
2006-07-18,61.437
2006-07-19,55.417
2006-07-20,49.654
2006-07-21,47.314
2006-07-22,47.417
2006-07-23,58.991
2006-07-24,71.352
2006-07-25,75.666
2006-07-26,68.444
2006-07-27,61.288
2006-07-28,59.333
2006-07-29,60.777
2006-07-30,62.501
2006-07-31,66.65
2006-08-01,83.466
2006-08-02,85.495
2006-08-03,84.27
2006-08-04,83.904
2006-08-05,83.361
2006-08-06,78.555
2006-08-07,68.791
2006-08-08,60.321
2006-08-09,53.9
2006-08-10,52.084
2006-08-11,55.935
2006-08-12,62.0
2006-08-13,65.451
2006-08-14,67.731
2006-08-15,69.566
2006-08-16,72.152
2006-08-17,75.307
2006-08-18,77.318
2006-08-19,79.478
2006-08-20,82.462
2006-08-21,88.869
2006-08-22,97.026
2006-08-23,107.242
2006-08-24,114.261
2006-08-25,125.997
2006-08-26,147.365
2006-08-27,166.157
2006-08-28,162.631
2006-08-29,140.955
2006-08-30,127.529
2006-08-31,139.569
2006-09-01,263.651
2006-09-02,350.297
2006-09-03,433.07
2006-09-04,451.596
2006-09-05,482.325
2006-09-06,501.162
2006-09-07,521.423
2006-09-08,562.827
2006-09-09,609.551
2006-09-10,640.626
2006-09-11,651.193
2006-09-12,656.932
2006-09-13,677.754
2006-09-14,729.143
2006-09-15,764.542
2006-09-16,786.048
2006-09-17,801.923
2006-09-18,815.862
2006-09-19,829.96
2006-09-20,857.885
2006-09-21,892.69
2006-09-22,904.302
2006-09-23,874.382
2006-09-24,846.141
2006-09-25,815.417
2006-09-26,789.952
2006-09-27,772.178
2006-09-28,765.633
2006-09-29,760.468
2006-09-30,745.555
2006-10-01,727.311
2006-10-02,685.714
2006-10-03,660.862
2006-10-04,636.198
2006-10-05,616.195
2006-10-06,608.107
2006-10-07,602.034
2006-10-08,597.944
2006-10-09,594.451
2006-10-10,585.212
2006-10-11,576.6
2006-10-12,602.476
2006-10-13,634.611
2006-10-14,654.88
2006-10-15,656.933
2006-10-16,642.06
2006-10-17,618.975
2006-10-18,598.363
2006-10-19,566.794
2006-10-20,538.239
2006-10-21,507.164
2006-10-22,474.39
2006-10-23,430.252
2006-10-24,392.367
2006-10-25,363.484
2006-10-26,336.999
2006-10-27,304.246
2006-10-28,259.062
2006-10-29,219.134
2006-10-30,185.078
2006-10-31,157.632
2006-11-01,135.746
2006-11-02,120.755
2006-11-03,110.083
2006-11-04,102.947
2006-11-05,91.881
2006-11-06,80.282
2006-11-07,72.282
2006-11-08,68.86
2006-11-09,66.93
2006-11-10,65.188
2006-11-11,62.451
2006-11-12,59.283
2006-11-13,57.175
2006-11-14,54.002
2006-11-15,48.892
2006-11-16,45.249
2006-11-17,41.28
2006-11-18,37.672
2006-11-19,34.566
2006-11-20,30.877
2006-11-21,28.637
2006-11-22,26.162
2006-11-23,23.789
2006-11-24,21.575
2006-11-25,19.874
2006-11-26,18.876
2006-11-27,18.228
2006-11-28,17.836
2006-11-29,17.331
2006-11-30,16.763
2006-12-01,15.637
2006-12-02,15.257
2006-12-03,15.213
2006-12-04,14.905
2006-12-05,14.861
2006-12-06,14.557
2006-12-07,14.536
2006-12-08,14.514
2006-12-09,14.215
2006-12-10,14.172
2006-12-11,13.877
2006-12-12,13.835
2006-12-13,13.544
2006-12-14,13.503
2006-12-15,13.216
2006-12-16,13.196
2006-12-17,13.175
2006-12-18,12.893
2006-12-19,12.872
2006-12-20,12.852
2006-12-21,12.574
2006-12-22,12.554
2006-12-23,12.534
2006-12-24,12.26
2006-12-25,12.221
2006-12-26,11.951
2006-12-27,11.912
2006-12-28,11.646
2006-12-29,11.608
2006-12-30,11.346
2006-12-31,11.422
2007-01-01,12.754
2007-01-02,12.456
2007-01-03,12.221
2007-01-04,11.837
2007-01-05,11.421
2007-01-06,11.033
2007-01-07,10.653
2007-01-08,10.263
2007-01-09,9.915
2007-01-10,9.728
2007-01-11,9.609
2007-01-12,9.374
2007-01-13,9.193
2007-01-14,9.094
2007-01-15,9.078
2007-01-16,8.852
2007-01-17,8.82
2007-01-18,8.597
2007-01-19,8.487
2007-01-20,8.331
2007-01-21,8.177
2007-01-22,8.085
2007-01-23,7.995
2007-01-24,7.829
2007-01-25,7.622
2007-01-26,7.592
2007-01-27,7.388
2007-01-28,7.288
2007-01-29,7.131
2007-01-30,6.935
2007-01-31,6.757
2007-02-01,6.287
2007-02-02,6.066
2007-02-03,5.875
2007-02-04,5.863
2007-02-05,5.788
2007-02-06,5.59
2007-02-07,5.468
2007-02-08,5.468
2007-02-09,5.456
2007-02-10,5.277
2007-02-11,5.207
2007-02-12,5.101
2007-02-13,5.078
2007-02-14,4.918
2007-02-15,5.021
2007-02-16,5.278
2007-02-17,5.59
2007-02-18,5.864
2007-02-19,6.144
2007-02-20,6.196
2007-02-21,5.99
2007-02-22,5.863
2007-02-23,5.863
2007-02-24,5.85
2007-02-25,5.676
2007-02-26,5.651
2007-02-27,5.48
2007-02-28,5.48
2007-03-01,5.639
2007-03-02,5.48
2007-03-03,5.468
2007-03-04,5.468
2007-03-05,5.456
2007-03-06,5.289
2007-03-07,5.277
2007-03-08,5.265
2007-03-09,5.101
2007-03-10,5.09
2007-03-11,5.09
2007-03-12,5.078
2007-03-13,4.918
2007-03-14,4.906
2007-03-15,4.895
2007-03-16,4.738
2007-03-17,4.727
2007-03-18,4.716
2007-03-19,4.563
2007-03-20,4.552
2007-03-21,4.541
2007-03-22,4.391
2007-03-23,4.381
2007-03-24,4.381
2007-03-25,4.381
2007-03-26,4.37
2007-03-27,4.223
2007-03-28,4.203
2007-03-29,4.06
2007-03-30,4.039
2007-03-31,3.89
2007-04-01,3.773
2007-04-02,4.562
2007-04-03,5.301
2007-04-04,4.734
2007-04-05,4.132
2007-04-06,3.517
2007-04-07,3.424
2007-04-08,3.288
2007-04-09,3.147
2007-04-10,3.087
2007-04-11,3.752
2007-04-12,4.608
2007-04-13,4.319
2007-04-14,3.841
2007-04-15,3.591
2007-04-16,3.686
2007-04-17,4.073
2007-04-18,5.344
2007-04-19,6.917
2007-04-20,8.104
2007-04-21,20.531
2007-04-22,82.669
2007-04-23,69.351
2007-04-24,48.656
2007-04-25,34.611
2007-04-26,26.44
2007-04-27,20.551
2007-04-28,20.792
2007-04-29,25.143
2007-04-30,31.69
2007-05-01,69.705
2007-05-02,63.954
2007-05-03,61.633
2007-05-04,60.826
2007-05-05,60.025
2007-05-06,59.083
2007-05-07,54.263
2007-05-08,38.23
2007-05-09,28.586
2007-05-10,22.268
2007-05-11,19.262
2007-05-12,24.75
2007-05-13,29.848
2007-05-14,33.64
2007-05-15,32.384
2007-05-16,28.774
2007-05-17,23.682
2007-05-18,17.973
2007-05-19,12.898
2007-05-20,8.953
2007-05-21,6.124
2007-05-22,7.02
2007-05-23,10.22
2007-05-24,14.78
2007-05-25,22.883
2007-05-26,29.8
2007-05-27,22.152
2007-05-28,14.549
2007-05-29,8.57
2007-05-30,5.529
2007-05-31,4.696
2007-06-01,7.953
2007-06-02,7.897
2007-06-03,7.602
2007-06-04,6.726
2007-06-05,6.215
2007-06-06,6.105
2007-06-07,6.063
2007-06-08,5.976
2007-06-09,5.859
2007-06-10,5.784
2007-06-11,5.523
2007-06-12,5.418
2007-06-13,5.413
2007-06-14,5.388
2007-06-15,8.595
2007-06-16,8.323
2007-06-17,8.68
2007-06-18,9.06
2007-06-19,9.06
2007-06-20,8.692
2007-06-21,8.452
2007-06-22,8.666
2007-06-23,8.716
2007-06-24,9.112
2007-06-25,10.164
2007-06-26,11.87
2007-06-27,22.587
2007-06-28,33.121
2007-06-29,46.136
2007-06-30,71.428
2007-07-01,92.653
2007-07-02,103.775
2007-07-03,111.076
2007-07-04,112.932
2007-07-05,106.646
2007-07-06,117.772
2007-07-07,147.47
2007-07-08,151.616
2007-07-09,159.603
2007-07-10,169.148
2007-07-11,172.166
2007-07-12,181.448
2007-07-13,191.56
2007-07-14,198.106
2007-07-15,207.244
2007-07-16,216.409
2007-07-17,223.461
2007-07-18,242.149
2007-07-19,270.783
2007-07-20,285.812
2007-07-21,291.45
2007-07-22,296.149
2007-07-23,311.158
2007-07-24,317.23
2007-07-25,346.267
2007-07-26,382.041
2007-07-27,386.625
2007-07-28,392.936
2007-07-29,397.961
2007-07-30,404.364
2007-07-31,435.815
2007-08-01,514.541
2007-08-02,548.203
2007-08-03,570.737
2007-08-04,602.199
2007-08-05,629.745
2007-08-06,635.552
2007-08-07,655.047
2007-08-08,677.146
2007-08-09,695.443
2007-08-10,710.149
2007-08-11,720.063
2007-08-12,719.844
2007-08-13,723.095
2007-08-14,732.027
2007-08-15,730.062
2007-08-16,747.865
2007-08-17,734.009
2007-08-18,734.005
2007-08-19,742.361
2007-08-20,769.832
2007-08-21,810.719
2007-08-22,802.94
2007-08-23,765.478
2007-08-24,745.446
2007-08-25,766.484
2007-08-26,807.506
2007-08-27,856.336
2007-08-28,893.937
2007-08-29,919.765
2007-08-30,968.334
2007-08-31,995.876
2007-09-01,1010.632
2007-09-02,1030.343
2007-09-03,1060.342
2007-09-04,1096.111
2007-09-05,1143.105
2007-09-06,1186.577
2007-09-07,1228.057
2007-09-08,1301.09
2007-09-09,1368.34
2007-09-10,1348.43
2007-09-11,1335.35
2007-09-12,1322.224
2007-09-13,1299.047
2007-09-14,1286.487
2007-09-15,1274.296
2007-09-16,1281.005
2007-09-17,1295.671
2007-09-18,1305.198
2007-09-19,1304.922
2007-09-20,1351.922
2007-09-21,1364.846
2007-09-22,1341.653
2007-09-23,1271.322
2007-09-24,1224.785
2007-09-25,1193.554
2007-09-26,1173.781
2007-09-27,1161.1
2007-09-28,1192.101
2007-09-29,1158.811
2007-09-30,1119.051
2007-10-01,1078.684
2007-10-02,1034.933
2007-10-03,996.685
2007-10-04,964.195
2007-10-05,930.556
2007-10-06,888.684
2007-10-07,809.579
2007-10-08,784.851
2007-10-09,705.292
2007-10-10,696.706
2007-10-11,658.835
2007-10-12,626.153
2007-10-13,605.658
2007-10-14,588.993
2007-10-15,562.862
2007-10-16,534.001
2007-10-17,506.663
2007-10-18,488.084
2007-10-19,467.597
2007-10-20,427.833
2007-10-21,387.859
2007-10-22,362.491
2007-10-23,336.319
2007-10-24,313.812
2007-10-25,287.883
2007-10-26,268.866
2007-10-27,260.375
2007-10-28,211.413
2007-10-29,148.338
2007-10-30,107.772
2007-10-31,95.513
2007-11-01,102.41
2007-11-02,107.383
2007-11-03,115.367
2007-11-04,122.654
2007-11-05,132.09
2007-11-06,132.775
2007-11-07,127.728
2007-11-08,123.614
2007-11-09,118.277
2007-11-10,113.066
2007-11-11,107.655
2007-11-12,104.631
2007-11-13,102.468
2007-11-14,100.929
2007-11-15,97.253
2007-11-16,92.262
2007-11-17,90.374
2007-11-18,90.001
2007-11-19,87.487
2007-11-20,85.182
2007-11-21,83.929
2007-11-22,82.628
2007-11-23,81.107
2007-11-24,80.467
2007-11-25,80.41
2007-11-26,78.972
2007-11-27,77.436
2007-11-28,75.864
2007-11-29,73.323
2007-11-30,71.069
2007-12-01,59.255
2007-12-02,56.818
2007-12-03,56.26
2007-12-04,55.157
2007-12-05,52.54
2007-12-06,51.221
2007-12-07,48.771
2007-12-08,44.135
2007-12-09,42.402
2007-12-10,40.643
2007-12-11,39.044
2007-12-12,37.167
2007-12-13,33.387
2007-12-14,30.737
2007-12-15,29.185
2007-12-16,28.105
2007-12-17,27.027
2007-12-18,23.982
2007-12-19,22.137
2007-12-20,20.982
2007-12-21,17.186
2007-12-22,14.9
2007-12-23,13.792
2007-12-24,13.094
2007-12-25,12.305
2007-12-26,11.544
2007-12-27,10.573
2007-12-28,9.5
2007-12-29,8.742
2007-12-30,7.924
2007-12-31,7.005
2008-01-01,12.183
2008-01-02,12.24
2008-01-03,12.028
2008-01-04,11.552
2008-01-05,11.346
2008-01-06,11.034
2008-01-07,10.942
2008-01-08,11.61
2008-01-09,12.047
2008-01-10,11.933
2008-01-11,11.421
2008-01-12,10.942
2008-01-13,10.742
2008-01-14,10.563
2008-01-15,10.635
2008-01-16,10.869
2008-01-17,11.29
2008-01-18,10.869
2008-01-19,10.742
2008-01-20,10.724
2008-01-21,10.492
2008-01-22,10.581
2008-01-23,11.107
2008-01-24,11.327
2008-01-25,11.459
2008-01-26,11.932
2008-01-27,12.241
2008-01-28,12.554
2008-01-29,12.733
2008-01-30,12.554
2008-01-31,12.417
2008-02-01,11.932
2008-02-02,11.646
2008-02-03,11.608
2008-02-04,11.346
2008-02-05,11.016
2008-02-06,10.283
2008-02-07,8.421
2008-02-08,6.402
2008-02-09,5.292
2008-02-10,4.545
2008-02-11,3.746
2008-02-12,3.218
2008-02-13,3.147
2008-02-14,3.173
2008-02-15,3.668
2008-02-16,4.153
2008-02-17,4.651
2008-02-18,4.976
2008-02-19,5.265
2008-02-20,5.148
2008-02-21,4.795
2008-02-22,4.372
2008-02-23,3.689
2008-02-24,3.021
2008-02-25,2.573
2008-02-26,2.267
2008-02-27,2.153
2008-02-28,2.139
2008-02-29,2.037
2008-03-01,1.886
2008-03-02,2.221
2008-03-03,2.748
2008-03-04,3.182
2008-03-05,3.333
2008-03-06,3.244
2008-03-07,3.138
2008-03-08,2.926
2008-03-09,2.745
2008-03-10,2.565
2008-03-11,2.218
2008-03-12,1.957
2008-03-13,2.285
2008-03-14,3.215
2008-03-15,3.882
2008-03-16,4.213
2008-03-17,4.37
2008-03-18,4.391
2008-03-19,4.618
2008-03-20,5.045
2008-03-21,5.996
2008-03-22,7.343
2008-03-23,9.583
2008-03-24,11.918
2008-03-25,13.361
2008-03-26,13.586
2008-03-27,12.558
2008-03-28,11.459
2008-03-29,10.888
2008-03-30,9.614
2008-03-31,8.12
2008-04-01,7.011
2008-04-02,5.995
2008-04-03,4.904
2008-04-04,3.846
2008-04-05,3.149
2008-04-06,2.621
2008-04-07,2.196
2008-04-08,2.037
2008-04-09,1.937
2008-04-10,2.142
2008-04-11,2.465
2008-04-12,2.495
2008-04-13,2.495
2008-04-14,2.487
2008-04-15,2.332
2008-04-16,2.106
2008-04-17,1.867
2008-04-18,1.675
2008-04-19,1.743
2008-04-20,2.193
2008-04-21,2.748
2008-04-22,3.281
2008-04-23,3.745
2008-04-24,4.383
2008-04-25,5.069
2008-04-26,5.447
2008-04-27,6.425
2008-04-28,7.566
2008-04-29,7.71
2008-04-30,7.579
2008-05-01,7.16
2008-05-02,7.005
2008-05-03,6.907
2008-05-04,6.715
2008-05-05,6.688
2008-05-06,6.419
2008-05-07,6.261
2008-05-08,5.99
2008-05-09,5.688
2008-05-10,5.713
2008-05-11,5.48
2008-05-12,5.505
2008-05-13,6.158
2008-05-14,5.942
2008-05-15,5.651
2008-05-16,5.48
2008-05-17,5.468
2008-05-18,5.349
2008-05-19,5.025
2008-05-20,3.941
2008-05-21,3.583
2008-05-22,3.2
2008-05-23,2.877
2008-05-24,2.58
2008-05-25,2.495
2008-05-26,2.549
2008-05-27,2.869
2008-05-28,3.061
2008-05-29,3.182
2008-05-30,3.131
2008-05-31,5.888
2008-06-01,4.743
2008-06-02,4.687
2008-06-03,4.392
2008-06-04,3.516
2008-06-05,3.005
2008-06-06,2.895
2008-06-07,2.853
2008-06-08,2.766
2008-06-09,2.649
2008-06-10,2.574
2008-06-11,2.313
2008-06-12,2.208
2008-06-13,2.203
2008-06-14,2.178
2008-06-15,5.385
2008-06-16,5.113
2008-06-17,5.47
2008-06-18,5.85
2008-06-19,5.85
2008-06-20,5.482
2008-06-21,5.242
2008-06-22,5.456
2008-06-23,5.506
2008-06-24,5.902
2008-06-25,6.954
2008-06-26,8.66
2008-06-27,19.377
2008-06-28,29.911
2008-06-29,42.926
2008-06-30,68.218
2008-07-01,89.443
2008-07-02,100.565
2008-07-03,107.866
2008-07-04,109.722
2008-07-05,103.436
2008-07-06,114.562
2008-07-07,144.26
2008-07-08,148.406
2008-07-09,156.393
2008-07-10,165.938
2008-07-11,168.956
2008-07-12,178.238
2008-07-13,188.35
2008-07-14,194.896
2008-07-15,204.034
2008-07-16,213.199
2008-07-17,220.251
2008-07-18,238.939
2008-07-19,267.573
2008-07-20,282.602
2008-07-21,288.24
2008-07-22,292.939
2008-07-23,307.948
2008-07-24,314.02
2008-07-25,343.057
2008-07-26,378.831
2008-07-27,383.415
2008-07-28,389.726
2008-07-29,394.751
2008-07-30,401.154
2008-07-31,432.605
2008-08-01,511.331
2008-08-02,544.993
2008-08-03,567.527
2008-08-04,598.989
2008-08-05,626.535
2008-08-06,632.342
2008-08-07,651.837
2008-08-08,673.936
2008-08-09,692.233
2008-08-10,706.939
2008-08-11,716.853
2008-08-12,716.634
2008-08-13,719.885
2008-08-14,728.817
2008-08-15,726.852
2008-08-16,744.655
2008-08-17,730.799
2008-08-18,730.795
2008-08-19,739.151
2008-08-20,766.622
2008-08-21,807.509
2008-08-22,799.73
2008-08-23,762.268
2008-08-24,742.236
2008-08-25,763.274
2008-08-26,804.296
2008-08-27,853.126
2008-08-28,890.727
2008-08-29,916.555
2008-08-30,965.124
2008-08-31,992.666
2008-09-01,1007.422
2008-09-02,1027.133
2008-09-03,1057.132
2008-09-04,1092.901
2008-09-05,1139.895
2008-09-06,1183.367
2008-09-07,1224.847
2008-09-08,1297.88
2008-09-09,1365.13
2008-09-10,1345.22
2008-09-11,1332.14
2008-09-12,1319.014
2008-09-13,1295.837
2008-09-14,1283.277
2008-09-15,1271.086
2008-09-16,1277.795
2008-09-17,1292.461
2008-09-18,1301.988
2008-09-19,1301.712
2008-09-20,1348.712
2008-09-21,1361.636
2008-09-22,1338.443
2008-09-23,1268.112
2008-09-24,1221.575
2008-09-25,1190.344
2008-09-26,1170.571
2008-09-27,1157.89
2008-09-28,1188.891
2008-09-29,1155.601
2008-09-30,1115.841
2008-10-01,1075.474
2008-10-02,1031.723
2008-10-03,993.475
2008-10-04,960.985
2008-10-05,927.346
2008-10-06,885.474
2008-10-07,806.369
2008-10-08,781.641
2008-10-09,702.082
2008-10-10,693.496
2008-10-11,655.625
2008-10-12,622.943
2008-10-13,602.448
2008-10-14,585.783
2008-10-15,559.652
2008-10-16,530.791
2008-10-17,503.453
2008-10-18,484.874
2008-10-19,464.387
2008-10-20,424.623
2008-10-21,384.649
2008-10-22,359.281
2008-10-23,333.109
2008-10-24,310.602
2008-10-25,284.673
2008-10-26,265.656
2008-10-27,257.165
2008-10-28,208.203
2008-10-29,145.128
2008-10-30,104.562
2008-10-31,92.303
2008-11-01,99.2
2008-11-02,104.173
2008-11-03,112.157
2008-11-04,119.444
2008-11-05,128.88
2008-11-06,129.565
2008-11-07,124.518
2008-11-08,120.404
2008-11-09,115.067
2008-11-10,109.856
2008-11-11,104.445
2008-11-12,101.421
2008-11-13,99.258
2008-11-14,97.719
2008-11-15,94.043
2008-11-16,89.052
2008-11-17,87.164
2008-11-18,86.791
2008-11-19,84.277
2008-11-20,81.972
2008-11-21,80.719
2008-11-22,79.418
2008-11-23,77.897
2008-11-24,77.257
2008-11-25,77.2
2008-11-26,75.762
2008-11-27,74.226
2008-11-28,72.654
2008-11-29,70.113
2008-11-30,67.859
2008-12-01,56.045
2008-12-02,53.608
2008-12-03,53.05
2008-12-04,51.947
2008-12-05,49.33
2008-12-06,48.011
2008-12-07,45.561
2008-12-08,40.925
2008-12-09,39.192
2008-12-10,37.433
2008-12-11,35.834
2008-12-12,33.957
2008-12-13,30.177
2008-12-14,27.527
2008-12-15,25.975
2008-12-16,24.895
2008-12-17,23.817
2008-12-18,20.772
2008-12-19,18.927
2008-12-20,17.772
2008-12-21,13.976
2008-12-22,11.69
2008-12-23,10.582
2008-12-24,9.884
2008-12-25,9.095
2008-12-26,8.334
2008-12-27,7.363
2008-12-28,6.29
2008-12-29,5.532
2008-12-30,4.714
2009-01-01,3.388
2009-01-02,3.279
2009-01-03,3.104
2009-01-04,3.001
2009-01-05,2.875
2009-01-06,2.706
2009-01-07,2.61
2009-01-08,2.45
2009-01-09,2.217
2009-01-10,1.858
2009-01-11,1.424
2009-01-12,1.181
2009-01-13,1.095
2009-01-14,1.044
2009-01-15,0.977
2009-01-16,0.909
2009-01-17,0.798
2009-01-18,0.648
2009-01-19,0.611
2009-01-20,0.591
2009-01-21,0.559
2009-01-22,0.559
2009-01-23,0.559
2009-01-24,0.541
2009-01-25,0.51
2009-01-26,0.526
2009-01-27,0.51
2009-01-28,0.467
2009-01-29,0.448
2009-01-30,0.421
2009-01-31,0.717
2009-02-01,7.868
2009-02-02,8.581
2009-02-03,8.581
2009-02-04,8.581
2009-02-05,8.581
2009-02-06,8.581
2009-02-07,8.565
2009-02-08,8.347
2009-02-09,8.331
2009-02-10,8.331
2009-02-11,8.331
2009-02-12,8.331
2009-02-13,8.331
2009-02-14,8.239
2009-02-15,8.07
2009-02-16,7.859
2009-02-17,7.829
2009-02-18,7.549
2009-02-19,7.592
2009-02-20,7.785
2009-02-21,8.458
2009-02-22,11.373
2009-02-23,19.523
2009-02-24,21.543
2009-02-25,20.614
2009-02-26,17.445
2009-02-27,15.266
2009-02-28,13.615
2009-03-01,11.907
2009-03-02,10.494
2009-03-03,7.8
2009-03-04,6.435
2009-03-05,6.2
2009-03-06,6.025
2009-03-07,7.262
2009-03-08,7.818
2009-03-09,7.523
2009-03-10,6.676
2009-03-11,5.714
2009-03-12,5.291
2009-03-13,4.897
2009-03-14,4.387
2009-03-15,5.449
2009-03-16,7.524
2009-03-17,8.395
2009-03-18,8.904
2009-03-19,9.361
2009-03-20,8.613
2009-03-21,8.41
2009-03-22,8.363
2009-03-23,8.965
2009-03-24,8.541
2009-03-25,7.168
2009-03-26,5.973
2009-03-27,5.244
2009-03-28,4.897
2009-03-29,4.26
2009-03-30,4.737
2009-03-31,5.956
2009-04-01,4.19
2009-04-02,4.13
2009-04-03,4.03
2009-04-04,3.6
2009-04-05,3.8
2009-04-06,4.01
2009-04-07,3.6
2009-04-08,3.41
2009-04-09,3.49
2009-04-10,3.45
2009-04-11,3.43
2009-04-12,3.41
2009-04-13,3.39
2009-04-14,3.38
2009-04-15,3.26
2009-04-16,3.24
2009-04-17,3.25
2009-04-18,3.43
2009-04-19,3.59
2009-04-20,3.61
2009-04-21,3.641
2009-04-22,3.716
2009-04-23,4.133
2009-04-24,4.6
2009-04-25,4.632
2009-04-26,4.6
2009-04-27,4.161
2009-04-28,4.131
2009-04-29,4.102
2009-04-30,3.716
2009-05-01,3.641
2009-05-02,3.001
2009-05-03,2.724
2009-05-04,2.694
2009-05-05,2.495
2009-05-06,2.341
2009-05-07,2.332
2009-05-08,2.332
2009-05-09,2.332
2009-05-10,2.348
2009-05-11,2.609
2009-05-12,7.41
2009-05-13,8.26
2009-05-14,12.246
2009-05-15,12.779
2009-05-16,20.947
2009-05-17,21.483
2009-05-18,20.145
2009-05-19,19.136
2009-05-20,17.63
2009-05-21,15.859
2009-05-22,14.517
2009-05-23,12.32
2009-05-24,11.236
2009-05-25,11.106
2009-05-26,10.346
2009-05-27,12.824
2009-05-28,14.216
2009-05-29,15.859
2009-05-30,17.106
2009-05-31,16.277
2009-06-01,13.915
2009-06-02,12.743
2009-06-03,13.241
2009-06-04,12.386
2009-06-05,13.313
2009-06-06,13.313
2009-06-07,13.02
2009-06-08,27.262
2009-06-09,34.27
2009-06-10,39.906
2009-06-11,41.276
2009-06-12,41.418
2009-06-13,43.421
2009-06-14,53.058
2009-06-15,105.391
2009-06-16,97.796
2009-06-17,103.528
2009-06-18,74.124
2009-06-19,53.827
2009-06-20,41.989
2009-06-21,31.372
2009-06-22,27.582
2009-06-23,23.382
2009-06-24,23.797
2009-06-25,24.835
2009-06-26,25.483
2009-06-27,26.562
2009-06-28,27.235
2009-06-29,28.356
2009-06-30,28.356
2009-07-01,28.356
2009-07-02,28.131
2009-07-03,23.813
2009-07-04,19.239
2009-07-05,17.192
2009-07-06,16.371
2009-07-07,21.997
2009-07-08,20.145
2009-07-09,20.051
2009-07-10,20.051
2009-07-11,20.051
2009-07-12,20.051
2009-07-13,20.145
2009-07-14,21.483
2009-07-15,21.389
2009-07-16,18.682
2009-07-17,17.363
2009-07-18,18.682
2009-07-19,21.292
2009-07-20,20.053
2009-07-21,18.861
2009-07-22,22.011
2009-07-23,31.446
2009-07-24,32.144
2009-07-25,30.61
2009-07-26,29.54
2009-07-27,27.915
2009-07-28,27.625
2009-07-29,38.308
2009-07-30,48.533
2009-07-31,54.89
2009-08-01,56.038
2009-08-02,54.072
2009-08-03,48.507
2009-08-04,43.418
2009-08-05,36.382
2009-08-06,34.14
2009-08-07,32.146
2009-08-08,30.218
2009-08-09,28.471
2009-08-10,28.356
2009-08-11,28.242
2009-08-12,28.146
2009-08-13,39.382
2009-08-14,50.728
2009-08-15,56.556
2009-08-16,70.702
2009-08-17,81.66
2009-08-18,95.456
2009-08-19,116.967
2009-08-20,171.768
2009-08-21,194.635
2009-08-22,209.946
2009-08-23,212.651
2009-08-24,217.796
2009-08-25,223.353
2009-08-26,228.63
2009-08-27,228.983
2009-08-28,228.63
2009-08-29,219.884
2009-08-30,212.651
2009-08-31,212.651
2009-09-01,217.449
2009-09-02,217.793
2009-09-03,222.382
2009-09-04,260.971
2009-09-05,275.555
2009-09-06,269.732
2009-09-07,252.644
2009-09-08,237.231
2009-09-09,225.47
2009-09-10,215.744
2009-09-11,207.574
2009-09-12,211.631
2009-09-13,205.568
2009-09-14,203.563
2009-09-15,210.632
2009-09-16,222.656
2009-09-17,223.351
2009-09-18,223.003
2009-09-19,217.795
2009-09-20,210.959
2009-09-21,205.568
2009-09-22,204.125
2009-09-23,186.986
2009-09-24,182.743
2009-09-25,177.68
2009-09-26,163.933
2009-09-27,146.286
2009-09-28,133.163
2009-09-29,124.807
2009-09-30,113.093
2009-10-01,102.092
2009-10-02,96.621
2009-10-03,93.076
2009-10-04,89.602
2009-10-05,84.121
2009-10-06,78.414
2009-10-07,73.294
2009-10-08,70.244
2009-10-09,67.447
2009-10-10,67.079
2009-10-11,64.532
2009-10-12,64.532
2009-10-13,67.079
2009-10-14,67.262
2009-10-15,67.079
2009-10-16,64.532
2009-10-17,64.351
2009-10-18,64.351
2009-10-19,64.351
2009-10-20,64.532
2009-10-21,67.264
2009-10-22,69.682
2009-10-23,62.765
2009-10-24,60.162
2009-10-25,77.847
2009-10-26,73.491
2009-10-27,70.244
2009-10-28,67.264
2009-10-29,64.177
2009-10-30,58.916
2009-10-31,56.206
2009-11-01,44.33
2009-11-02,35.41
2009-11-03,28.69
2009-11-04,23.174
2009-11-05,23.174
2009-11-06,23.073
2009-11-07,20.63
2009-11-08,18.02
2009-11-09,15.777
2009-11-10,14.591
2009-11-11,13.317
2009-11-12,11.304
2009-11-13,11.106
2009-11-14,10.22
2009-11-15,9.564
2009-11-16,9.208
2009-11-17,9.152
2009-11-18,8.306
2009-11-19,7.302
2009-11-20,7.188
2009-11-21,6.496
2009-11-22,5.854
2009-11-23,5.773
2009-11-24,5.23
2009-11-25,5.156
2009-11-26,4.666
2009-11-27,4.6
2009-11-28,4.161
2009-11-29,4.102
2009-11-30,3.716
2009-12-01,3.689
2009-12-02,3.689
2009-12-03,3.716
2009-12-04,4.074
2009-12-05,3.691
2009-12-06,3.328
2009-12-07,3.284
2009-12-08,2.998
2009-12-09,2.978
2009-12-10,2.978
2009-12-11,2.961
2009-12-12,2.724
2009-12-13,2.708
2009-12-14,2.708
2009-12-15,2.708
2009-12-16,2.708
2009-12-17,2.694
2009-12-18,2.506
2009-12-19,2.493
2009-12-20,2.493
2009-12-21,2.493
2009-12-22,2.493
2009-12-23,2.482
2009-12-24,2.341
2009-12-25,2.332
2009-12-26,2.324
2009-12-27,2.229
2009-12-28,2.223
2009-12-29,2.223
2009-12-30,2.223
2009-12-31,2.223
2010-01-01,38.26
2010-01-02,34.26
2010-01-03,35.24
2010-01-04,33.15
2010-01-05,39.44
2010-01-06,41.26
2010-01-07,40.28
2010-01-08,39.26
2010-01-09,41.23
2010-01-10,44.38
2010-01-11,39.12
2010-01-12,33.26
2010-01-13,31.24
2010-01-14,33.24
2010-01-15,37.25
2010-01-16,33.99
2010-01-17,32.26
2010-01-18,26.98
2010-01-19,24.26
2010-01-20,20.15
2010-01-21,19.33
2010-01-22,21.08
2010-01-23,20.14
2010-01-24,22.16
2010-01-25,21.46
2010-01-26,20.17
2010-01-27,19.68
2010-01-28,18.54
2010-01-29,19.26
2010-01-30,15.38
2010-01-31,12.26
2010-02-01,11.63
2010-02-02,14.33
2010-02-03,15.29
2010-02-04,11.88
2010-02-05,12.36
2010-02-06,13.88
2010-02-07,14.26
2010-02-08,13.45
2010-02-09,15.22
2010-02-10,16.45
2010-02-11,17.23
2010-02-12,19.248
2010-02-13,16.28
2010-02-14,15.26
2010-02-15,18.277
2010-02-16,19.24
2010-02-17,22.36
2010-02-18,23.46
2010-02-19,24.63
2010-02-20,26.28
2010-02-21,27.26
2010-02-22,29.99
2010-02-23,28.24
2010-02-24,27.33
2010-02-25,26.23
2010-02-26,25.67
2010-02-27,26.31
2010-02-28,31.22
2010-03-01,32.123
2010-03-02,32.11
2010-03-03,32.11
2010-03-04,31.97
2010-03-05,30.7
2010-03-06,31.99
2010-03-07,31.23
2010-03-08,30.85
2010-03-09,29.7
2010-03-10,28.99
2010-03-11,30.7
2010-03-12,26.77
2010-03-13,27.47
2010-03-14,25.67
2010-03-15,26.67
2010-03-16,26.37
2010-03-17,26.003
2010-03-18,25.56
2010-03-19,24.96
2010-03-20,24.53
2010-03-21,23.76
2010-03-22,24.11
2010-03-23,24.0
2010-03-24,23.67
2010-03-25,24.34
2010-03-26,24.74
2010-03-27,24.56
2010-03-28,24.49
2010-03-29,24.3
2010-03-30,24.23
2010-03-31,24.2
2010-04-01,24.15
2010-04-02,24.09
2010-04-03,23.99
2010-04-04,23.56
2010-04-05,23.76
2010-04-06,23.97
2010-04-07,23.56
2010-04-08,23.37
2010-04-09,23.45
2010-04-10,23.41
2010-04-11,23.39
2010-04-12,23.37
2010-04-13,23.35
2010-04-14,23.34
2010-04-15,23.22
2010-04-16,23.2
2010-04-17,23.21
2010-04-18,23.39
2010-04-19,23.55
2010-04-20,23.57
2010-04-21,23.601
2010-04-22,23.676
2010-04-23,24.093
2010-04-24,24.56
2010-04-25,24.592
2010-04-26,24.56
2010-04-27,24.121
2010-04-28,24.091
2010-04-29,24.062
2010-04-30,23.676
2010-05-01,30.25
2010-05-02,31.48
2010-05-03,22.47
2010-05-04,27.48
2010-05-05,25.66
2010-05-06,24.17
2010-05-07,29.63
2010-05-08,30.15
2010-05-09,29.45
2010-05-10,25.63
2010-05-11,21.89
2010-05-12,22.56
2010-05-13,21.48
2010-05-14,20.19
2010-05-15,16.25
2010-05-16,18.27
2010-05-17,19.25
2010-05-18,22.37
2010-05-19,26.25
2010-05-20,21.48
2010-05-21,20.15
2010-05-22,18.46
2010-05-23,16.66
2010-05-24,15.04
2010-05-25,14.23
2010-05-26,13.24
2010-05-27,12.26
2010-05-28,25.981
2010-05-29,22.693
2010-05-30,19.532
2010-05-31,17.934
2010-06-01,17.04
2010-06-02,18.877
2010-06-03,35.54
2010-06-04,45.299
2010-06-05,42.392
2010-06-06,41.32
2010-06-07,38.945
2010-06-08,34.811
2010-06-09,43.012
2010-06-10,75.221
2010-06-11,80.305
2010-06-12,77.456
2010-06-13,74.461
2010-06-14,70.026
2010-06-15,69.64
2010-06-16,67.905
2010-06-17,65.859
2010-06-18,75.837
2010-06-19,106.996
2010-06-20,93.096
2010-06-21,104.546
2010-06-22,187.311
2010-06-23,168.57
2010-06-24,71.081
2010-06-25,73.871
2010-06-26,70.955
2010-06-27,64.942
2010-06-28,56.284
2010-06-29,43.919
2010-06-30,34.255
2010-07-01,28.313
2010-07-02,26.097
2010-07-03,22.796
2010-07-04,21.23
2010-07-05,23.135
2010-07-06,32.954
2010-07-07,57.689
2010-07-08,61.668
2010-07-09,56.488
2010-07-10,49.761
2010-07-11,47.704
2010-07-12,72.631
2010-07-13,170.118
2010-07-14,184.428
2010-07-15,154.95
2010-07-16,148.03
2010-07-17,135.842
2010-07-18,129.467
2010-07-19,103.054
2010-07-20,79.957
2010-07-21,98.803
2010-07-22,221.878
2010-07-23,560.316
2010-07-24,769.05
2010-07-25,850.971
2010-07-26,861.623
2010-07-27,798.712
2010-07-28,727.06
2010-07-29,690.159
2010-07-30,611.629
2010-07-31,540.889
2010-08-01,519.259
2010-08-02,493.707
2010-08-03,466.061
2010-08-04,442.919
2010-08-05,441.401
2010-08-06,439.41
2010-08-07,410.37
2010-08-08,387.024
2010-08-09,365.908
2010-08-10,358.37
2010-08-11,330.302
2010-08-12,315.077
2010-08-13,320.164
2010-08-14,294.686
2010-08-15,282.473
2010-08-16,298.965
2010-08-17,395.205
2010-08-18,506.61
2010-08-19,522.755
2010-08-20,569.753
2010-08-21,571.566
2010-08-22,667.819
2010-08-23,742.602
2010-08-24,778.203
2010-08-25,822.865
2010-08-26,889.251
2010-08-27,946.498
2010-08-28,912.416
2010-08-29,813.444
2010-08-30,758.711
2010-08-31,747.382
2010-09-01,764.707
2010-09-02,753.38
2010-09-03,703.54
2010-09-04,652.133
2010-09-05,631.714
2010-09-06,634.384
2010-09-07,698.633
2010-09-08,856.237
2010-09-09,1219.696
2010-09-10,1693.906
2010-09-11,1899.544
2010-09-12,1994.238
2010-09-13,2003.862
2010-09-14,1904.508
2010-09-15,1785.654
2010-09-16,1731.296
2010-09-17,1679.255
2010-09-18,1585.19
2010-09-19,1480.235
2010-09-20,1476.399
2010-09-21,1522.858
2010-09-22,1550.243
2010-09-23,1505.63
2010-09-24,1411.047
2010-09-25,1284.183
2010-09-26,1177.114
2010-09-27,1180.448
2010-09-28,1114.15
2010-09-29,1195.108
2010-09-30,1209.515
2010-10-01,1156.712
2010-10-02,1112.771
2010-10-03,1027.272
2010-10-04,952.564
2010-10-05,878.415
2010-10-06,811.077
2010-10-07,756.73
2010-10-08,713.188
2010-10-09,660.202
2010-10-10,611.914
2010-10-11,574.35
2010-10-12,549.243
2010-10-13,563.419
2010-10-14,565.705
2010-10-15,580.692
2010-10-16,562.877
2010-10-17,519.673
2010-10-18,475.436
2010-10-19,449.001
2010-10-20,418.95
2010-10-21,408.572
2010-10-22,418.951
2010-10-23,446.963
2010-10-24,440.904
2010-10-25,426.466
2010-10-26,424.007
2010-10-27,402.656
2010-10-28,386.089
2010-10-29,357.637
2010-10-30,329.731
2010-10-31,306.603
2010-11-01,282.483
2010-11-02,269.41
2010-11-03,262.11
2010-11-04,245.26
2010-11-05,255.66
2010-11-06,241.19
2010-11-07,238.49
2010-11-08,228.24
2010-11-09,221.46
2010-11-10,220.17
2010-11-11,210.48
2010-11-12,208.11
2010-11-13,201.66
2010-11-14,198.47
2010-11-15,188.22
2010-11-16,168.24
2010-11-17,166.22
2010-11-18,152.19
2010-11-19,146.06
2010-11-20,138.55
2010-11-21,124.11
2010-11-22,120.44
2010-11-23,112.23
2010-11-24,110.99
2010-11-25,99.24
2010-11-26,85.11
2010-11-27,76.22
2010-11-28,65.24
2010-11-29,61.44
2010-11-30,58.71
2010-12-01,54.19
2010-12-02,51.094
2010-12-03,48.694
2010-12-04,46.353
2010-12-05,46.045
2010-12-06,43.923
2010-12-07,43.772
2010-12-08,43.973
2010-12-09,46.921
2010-12-10,48.587
2010-12-11,48.535
2010-12-12,46.353
2010-12-13,46.045
2010-12-14,43.774
2010-12-15,41.417
2010-12-16,39.41
2010-12-17,41.127
2010-12-18,39.082
2010-12-19,36.229
2010-12-20,34.053
2010-12-21,31.99
2010-12-22,29.996
2010-12-23,28.068
2010-12-24,26.208
2010-12-25,24.414
2010-12-26,22.687
2010-12-27,21.127
2010-12-28,21.024
2010-12-29,21.024
2010-12-30,20.923
2010-12-31,19.528
2011-01-01,21.36
2011-01-02,22.45
2011-01-03,24.38
2011-01-04,22.36
2011-01-05,21.41
2011-01-06,22.39
2011-01-07,20.36
2011-01-08,19.24
2011-01-09,18.36
2011-01-10,17.36
2011-01-11,16.85
2011-01-12,14.39
2011-01-13,12.38
2011-01-14,13.26
2011-01-15,10.88
2011-01-16,14.36
2011-01-17,15.88
2011-01-18,16.32
2011-01-19,18.23
2011-01-20,21.48
2011-01-21,15.66
2011-01-22,12.45
2011-01-23,11.85
2011-01-24,8.634
2011-01-25,5.89
2011-01-26,4.99
2011-01-27,4.4
2011-01-28,4.05
2011-01-29,3.89
2011-01-30,3.46
2011-01-31,3.26
2011-02-01,3.48
2011-02-02,3.28
2011-02-03,3.48
2011-02-04,3.24
2011-02-05,2.471
2011-02-06,2.298
2011-02-07,2.001
2011-02-08,1.981
2011-02-09,1.981
2011-02-10,1.952
2011-02-11,1.566
2011-02-12,1.539
2011-02-13,1.514
2011-02-14,1.178
2011-02-15,1.155
2011-02-16,1.155
2011-02-17,1.134
2011-02-18,0.848
2011-02-19,0.828
2011-02-20,0.828
2011-02-21,0.828
2011-02-22,0.811
2011-02-23,0.574
2011-02-24,0.558
2011-02-25,0.558
2011-02-26,0.558
2011-02-27,0.558
2011-02-28,0.558
2011-03-01,0.558
2011-03-02,0.558
2011-03-03,0.558
2011-03-04,0.558
2011-03-05,0.558
2011-03-06,0.558
2011-03-07,0.558
2011-03-08,0.558
2011-03-09,0.558
2011-03-10,0.558
2011-03-11,0.531
2011-03-12,0.202
2011-03-13,0.182
2011-03-14,0.182
2011-03-15,0.182
2011-03-16,0.174
2011-03-17,0.079
2011-03-18,0.073
2011-03-19,0.073
2011-03-20,0.073
2011-03-21,0.069
2011-03-22,0.017
2011-03-23,0.014
2011-03-24,0.014
2011-03-25,0.014
2011-03-26,0.014
2011-03-27,0.014
2011-03-28,0.014
2011-03-29,0.013
2011-03-30,0.0
2011-03-31,0.0
2011-04-01,0.0
2011-04-02,0.0
2011-04-03,0.0
2011-04-04,0.0
2011-04-05,0.0
2011-04-06,0.0
2011-04-07,0.0
2011-04-08,0.0
2011-04-09,0.0
2011-04-10,0.0
2011-04-11,0.0
2011-04-12,0.0
2011-04-13,0.0
2011-04-14,0.0
2011-04-15,0.016
2011-04-16,0.064
2011-04-17,0.016
2011-04-18,0.0
2011-04-19,0.0
2011-04-20,0.0
2011-04-21,0.0
2011-04-22,0.0
2011-04-23,0.0
2011-04-24,0.0
2011-04-25,0.0
2011-04-26,0.0
2011-04-27,0.0
2011-04-28,0.0
2011-04-29,0.0
2011-04-30,0.026
2011-05-01,0.308
2011-05-02,0.233
2011-05-03,0.346
2011-05-04,3.697
2011-05-05,2.96
2011-05-06,3.312
2011-05-07,2.028
2011-05-08,1.423
2011-05-09,1.17
2011-05-10,1.134
2011-05-11,0.867
2011-05-12,1.093
2011-05-13,0.578
2011-05-14,0.356
2011-05-15,0.343
2011-05-16,0.332
2011-05-17,0.191
2011-05-18,0.182
2011-05-19,0.202
2011-05-20,0.547
2011-05-21,0.851
2011-05-22,1.518
2011-05-23,1.952
2011-05-24,2.011
2011-05-25,2.507
2011-05-26,3.44
2011-05-27,4.331
2011-05-28,5.105
2011-05-29,6.213
2011-05-30,7.909
2011-05-31,8.101
2011-06-01,5.276
2011-06-02,5.152
2011-06-03,6.156
2011-06-04,7.06
2011-06-05,8.01
2011-06-06,8.956
2011-06-07,9.086
2011-06-08,10.098
2011-06-09,11.163
2011-06-10,11.31
2011-06-11,12.441
2011-06-12,13.627
2011-06-13,13.707
2011-06-14,13.627
2011-06-15,12.441
2011-06-16,11.237
2011-06-17,10.166
2011-06-18,10.028
2011-06-19,9.022
2011-06-20,8.01
2011-06-21,7.06
2011-06-22,6.226
2011-06-23,6.171
2011-06-24,6.171
2011-06-25,6.052
2011-06-26,4.453
2011-06-27,4.3
2011-06-28,3.664
2011-06-29,3.08
2011-06-30,3.22
2011-07-01,5.958
2011-07-02,6.052
2011-07-03,4.952
2011-07-04,12.365
2011-07-05,5.342
2011-07-06,12.956
2011-07-07,12.441
2011-07-08,11.31
2011-07-09,11.335
2011-07-10,12.146
2011-07-11,4.802
2011-07-12,4.374
2011-07-13,4.816
2011-07-14,5.355
2011-07-15,9.755
2011-07-16,10.467
2011-07-17,15.841
2011-07-18,13.715
2011-07-19,11.46
2011-07-20,12.863
2011-07-21,20.948
2011-07-22,28.721
2011-07-23,28.145
2011-07-24,28.066
2011-07-25,28.556
2011-07-26,36.025
2011-07-27,41.664
2011-07-28,40.412
2011-07-29,46.107
2011-07-30,51.602
2011-07-31,61.864
2011-08-01,68.89
2011-08-02,86.417
2011-08-03,90.706
2011-08-04,91.367
2011-08-05,99.123
2011-08-06,123.747
2011-08-07,167.131
2011-08-08,211.792
2011-08-09,253.284
2011-08-10,256.49
2011-08-11,262.193
2011-08-12,269.923
2011-08-13,300.021
2011-08-14,329.31
2011-08-15,356.723
2011-08-16,373.561
2011-08-17,409.423
2011-08-18,438.909
2011-08-19,433.402
2011-08-20,425.969
2011-08-21,425.475
2011-08-22,424.494
2011-08-23,408.441
2011-08-24,374.017
2011-08-25,367.129
2011-08-26,397.029
2011-08-27,462.523
2011-08-28,485.385
2011-08-29,504.95
2011-08-30,519.981
2011-08-31,536.913
2011-09-01,546.986
2011-09-02,565.725
2011-09-03,602.411
2011-09-04,649.684
2011-09-05,692.645
2011-09-06,722.439
2011-09-07,725.035
2011-09-08,745.943
2011-09-09,898.075
2011-09-10,681.457
2011-09-11,883.991
2011-09-12,944.058
2011-09-13,1035.626
2011-09-14,1084.62
2011-09-15,1114.887
2011-09-16,1131.854
2011-09-17,1177.661
2011-09-18,1103.522
2011-09-19,1030.077
2011-09-20,348.787
2011-09-21,946.503
2011-09-22,976.209
2011-09-23,944.476
2011-09-24,962.532
2011-09-25,954.984
2011-09-26,976.199
2011-09-27,989.195
2011-09-28,998.432
2011-09-29,967.839
2011-09-30,969.187
2011-10-01,874.813
2011-10-02,887.483
2011-10-03,877.366
2011-10-04,855.891
2011-10-05,843.842
2011-10-06,831.194
2011-10-07,799.996
2011-10-08,788.089
2011-10-09,900.892
2011-10-10,663.601
2011-10-11,601.83
2011-10-12,555.509
2011-10-13,510.953
2011-10-14,465.598
2011-10-15,417.714
2011-10-16,372.68
2011-10-17,336.687
2011-10-18,307.435
2011-10-19,287.279
2011-10-20,268.747
2011-10-21,255.379
2011-10-22,233.994
2011-10-23,230.15
2011-10-24,228.61
2011-10-25,222.46
2011-10-26,212.26
2011-10-27,198.26
2011-10-28,175.26
2011-10-29,752.14
2011-10-30,138.19
2011-10-31,122.44
2011-11-01,98.26
2011-11-02,85.24
2011-11-03,77.15
2011-11-04,51.22
2011-11-05,48.23
2011-11-06,38.011
2011-11-07,65.746
2011-11-08,65.114
2011-11-09,60.853
2011-11-10,41.677
2011-11-11,57.853
2011-11-12,56.934
2011-11-13,59.012
2011-11-14,56.762
2011-11-15,55.088
2011-11-16,35.108
2011-11-17,31.622
2011-11-18,52.281
2011-11-19,52.137
2011-11-20,30.879
2011-11-21,49.693
2011-11-22,51.094
2011-11-23,48.694
2011-11-24,46.353
2011-11-25,46.198
2011-11-26,46.198
2011-11-27,44.25
2011-11-28,46.28
2011-11-29,44.11
2011-11-30,42.87
2011-12-01,43.772
2011-12-02,43.772
2011-12-03,43.624
2011-12-04,41.561
2011-12-05,41.415
2011-12-06,41.415
2011-12-07,41.271
2011-12-08,39.268
2011-12-09,39.126
2011-12-10,38.94
2011-12-11,36.363
2011-12-12,36.181
2011-12-13,36.181
2011-12-14,36.047
2011-12-15,34.183
2011-12-16,33.921
2011-12-17,31.99
2011-12-18,30.117
2011-12-19,29.872
2011-12-20,28.185
2011-12-21,28.027
2011-12-22,27.4
2011-12-23,26.282
2011-12-24,26.092
2011-12-25,24.523
2011-12-26,24.412
2011-12-27,24.303
2011-12-28,22.792
2011-12-29,22.685
2011-12-30,22.58
2011-12-31,21.127
